Year,Classifier 1,Classifier 2,Classifier 3,Classifier 4,Classifier 5,Classifier 6,Classifier 7,Classifier 8
1929.25,0,0,0,0,0,0,0,0
1929.33333333333,0,0,0,0,0,0,0,0.0887401597218722
1929.41666666667,0,0,0,0,0,0,0,0.0695982921138742
1929.5,0,0,0,0,0,0,0,0
1929.58333333333,0,0,0,0,0,0,0,0.0759928751013309
1929.66666666667,0,0,0,0,0,0,0,0
1929.75,0,0,0,0,0,0,0,0.0181435079435527
1929.83333333333,0,0,0,0,0,0,0,0.1810280030182
1929.91666666667,0,0,0,0,0,0,0,0.205035782303304
1930,0,0,0,0.171292473125018,0.0810551100734654,0,0.0793665077564468,0.302899138587917
1930.08333333333,1.00337681728376,1.01073360869566,1.12102468044498,2.88759826968752,2.92733790484482,2.76046943989313,2.89610173872611,3.30564412336319
1930.16666666667,2.78091532183117,2.91852216521741,3.17246937332805,3.56945032556641,4.67393322257319,5.33466988055287,4.54058975841697,3.41789901972422
1930.25,3.10313859437746,2.8976573652174,3.58872163226493,2.83341300278321,5.05652287010597,5.92767162151326,4.90396494305694,4.83846394626873
1930.33333333333,3.21851888220401,2.63240879999998,3.7289319532177,2.32888908139159,5.2473930029084,6.32133657791634,5.07624073425522,4.29828718319737
1930.41666666667,3.03094340963349,1.84406767826089,3.9600640303604,1.5701150806958,4.60978945089201,5.83663281168434,4.43267503002679,3.36925465542017
1930.5,2.87451978385114,1.30877531304349,3.78664135152537,1.42869980034792,4.14337910616456,5.40868526817903,3.95943604959502,3.80411190675176
1930.58333333333,2.15268081930237,1.06105926086952,3.63012492197969,1.19329082017394,3.17266196136647,4.43148237343966,3.00974146133597,3.20134830975233
1930.66666666667,1.65620181472602,0.933775182608698,2.83498483233729,1.21607461008697,2.8079576807532,3.96068049712206,2.6494238031174,3.59143034870315
1930.75,1.41586693127888,1.00614024347825,2.25320941267357,1.18014748504351,2.50549188896435,3.54868794798545,2.35224813450204,3.53952000945412
1930.83333333333,1.18196433974734,0.899963565217377,1.85464725954921,0.989509642521735,2.25921155068505,3.20015169216116,2.11485637543801,3.77041593516416
1930.91666666667,1.18714674212302,0.815809600000036,1.61966843727028,0.780141621260855,2.04585846737717,2.89158157737002,1.90895982526283,3.71773104426691
1931,1.04158938630662,0.657539886956536,1.53519531419603,0.645479670630422,1.74218550339467,2.50851513273047,1.62128553726297,2.76987249633192
1931.08333333333,0.8115994023571,0.418289591304367,1.2657131030196,0.344574335315206,1.25141657249351,1.94838082862565,1.16181576446305,1.74319434107731
1931.16666666667,0.5979147524044,0.20890026956522,0.997954452656845,0.0901276276576102,0.93738738762966,1.53889911575214,0.869051248151462,1.0884154116479
1931.25,0.386667364764214,0.111573634782603,0.744440619601529,0.106599353828818,0.68968975458445,1.19555630245508,0.637681759417223,0.542396668386205
1931.33333333333,0.273427837509191,0,0.585691975493979,0,0.62680393166004,1.03520226886137,0.577442739860823,0.041882276563802
1931.41666666667,0.35250864091374,0,0.563433191563188,0,0.791937388706314,1.11238205248871,0.727403643916552,0.0823908096850105
1931.5,0,0,0.660137441458478,0.262936775693312,0.0448492235490857,1.05148152245636,0.0525722379686236,0.0583773627849856
1931.58333333333,0.53056954988996,0.156316652173899,0.418189852058987,0.742011489614303,0.973908630955905,1.1294070514337,0.89145606292041,0.0847821318304224
1931.66666666667,0.728083360748193,0.731892678260875,0.945724941539232,0.925534524807148,1.31583745377958,1.47965572886076,1.20142788906818,0.150305398212665
1931.75,0.884279570759983,0.81098897391303,1.15317049943762,0.95390158240356,1.64225976552725,1.84831528877399,1.49578429002002,1.82545962073545
1931.83333333333,0.970241315913759,0.727049565217418,1.26808917289003,0.644311211201787,1.52658691437538,1.79494496642753,1.3898031845383,1.49422742572095
1931.91666666667,0.94375052022613,0.613166599999963,1.33344600220802,0.519415265600864,1.26809774205991,1.58081254078497,1.15254260545986,1.38340712846356
1932,0.809327959373866,0.489967104347851,1.28163248846262,0.530877572800437,1.14621037909564,1.45917851426377,1.03794916327586,1.29122500952476
1932.08333333333,0.61530288130893,0.288603269565199,1.02197805131213,0.293436286400217,1.05054419901134,1.35432765284184,0.949831792702349,1.34254641161339
1932.16666666667,0.574290966152358,0.246193547826102,0.967477737453035,0.32438319943231,1.06328373837279,1.34340089984641,0.95833427562142,1.57423858641859
1932.25,0.623797806196653,0.375622669565227,1.06205299423097,0.638256553677463,1.12158902348782,1.3776668870353,1.00461513379391,1.82284407167087
1932.33333333333,0.622281993699107,0.478466373913003,1.05243172074591,0.809317830800049,1.09315818063048,1.30647803521043,0.974472118520437,1.74129609983448
1932.41666666667,0.709415617226977,0.613988365217383,1.08586992052168,0.744356995400031,1.23971361183403,1.45179185321872,1.10361108487576,2.22348452668253
1932.5,0.800090924837595,0.781212478260868,1.16695872445721,0.826612017700024,1.40918548226053,1.62470041153884,1.2524668225837,2.33126422895091
1932.58333333333,0.827301956550958,0.694559286956527,1.14011137397978,0.708950308849987,1.31474278436948,1.55888435950578,1.16567777776075,2.08279553305231
1932.66666666667,0.835279877189393,0.487636373913064,1.15141116905489,0.386262914424984,1.27872797709304,1.53256630165402,1.13301098244595,1.95188218997143
1932.75,0.677904846506205,0.295215521739162,1.09059714499532,0.0902615772124804,0.941936647829649,1.22988483258638,0.834139073678037,1.06860925219062
1932.83333333333,0.431043008516695,0.0998214695651958,0.896460995168089,0.0501579886062142,0.581294237760897,0.873262925667631,0.51261043368056,0.464260289426366
1932.91666666667,0.264603244879967,0,0.582358246087217,0.0793536349325663,0.373865578649346,0.632772447967349,0.32867767073464,0.299892785316576
1933,0.0883324470598209,0,0.364893831547295,0,0.246579656017055,0.462487706434248,0.216410665598679,0.00503330333998273
1933.08333333333,0.0753228517640616,0,0.230359686292502,0,0,0.328012601646864,0,0.00110027090486723
1933.16666666667,0,0,0,0.450937356787895,0.167026713389414,0.332419650010645,0.205258914878916,0.0803150376762978
1933.25,0,0,0,0.292435978393968,0,0,0,0.0130402778434346
1933.33333333333,0.174382236402303,0,0.125290488654202,0,0,0,0,0.036034552699466
1933.41666666667,0,0,0,0,0,0,0,0
1933.5,0,0,0,0,0,0,0,0
1933.58333333333,0,0,0,0,0,0,0,0
1933.66666666667,0,0,0,0,0,0,0,0
1933.75,0,0,0,0,0,0,0,0
1933.83333333333,0,0,0,0,0,0,0,0
1933.91666666667,0,0,0,0,0,0,0,0
1934,0,0,0,0,0,0,0,0
1934.08333333333,0,0,0,0,0,0,0,0
1934.16666666667,0,0,0,0,0,0,0,0.0220563197036696
1934.25,0,0,0,0,0,0,0,0
1934.33333333333,0,0,0,0,0,0,0,0
1934.41666666667,0,0,0,0.140170493014624,0.157128588538471,0,0.138778473878396,0.00574648448886044
1934.5,0.0995110778738706,0.126854660869567,0.138041855791561,0.212171639521941,0.253931151132431,0.218790834042225,0.224062295047555,0.00315373317873026
1934.58333333333,0.193022592259408,0.191122843478254,0.268590561753139,0.312042512775612,0.388639398214512,0.351131788728286,0.342464482485941,0.723249750119503
1934.66666666667,0.29210120555323,0.279201817391287,0.407820240494857,0.356023609402412,0.462491602581116,0.437390807008537,0.407238068633099,0.989585780551663
1934.75,0.314783412306507,0.305086486956543,0.439829444476213,0.368492917715812,0.49541249624583,0.487570791233373,0.436079862426705,0.986149245861539
1934.83333333333,0.307492906897503,0.237763165217383,0.429535487318473,0.169995918857913,0.437609503012139,0.453524108762125,0.385425822913419,0.978369944886734
1934.91666666667,0.23754702758019,0.133737608695655,0.331040575048085,0,0.312744047221949,0.349039088175121,0.275796009731745,0.657063123385648
1935,0.12250346840882,0,0.256592852802683,0,0.118181943455097,0.181850604579759,0.104096932154828,0.0351026180698266
1935.08333333333,0.0356952083461081,0,0.101947040661576,0,0,0.0615322946343319,0,0
1935.16666666667,0,0,0,0,0,0,0,0
1935.25,0,0,0,0,0,0,0,0
1935.33333333333,0,0,0,0,0,0,0,0
1935.41666666667,0,0,0,0.0075578781443042,0,0,0,0
1935.5,0,0,0,0,0,0,0,0
1935.58333333333,0,0,0,0,0,0,0,0
1935.66666666667,0,0,0,0,0,0,0,0
1935.75,0,0,0,0,0,0,0,0
1935.83333333333,0,0,0,0,0,0,0,0
1935.91666666667,0,0,0,0,0,0,0,0
1936,0,0,0,0,0,0,0,0
1936.08333333333,0,0,0,0,0,0,0,0
1936.16666666667,0,0,0,0,0,0,0,0
1936.25,0,0,0,0,0,0,0,0
1936.33333333333,0,0,0,0,0,0,0,0
1936.41666666667,0,0,0,0,0,0,0,0
1936.5,0,0,0,0,0,0,0,0
1936.58333333333,0,0,0,0,0,0,0,0
1936.66666666667,0,0,0,0,0,0,0,0
1936.75,0,0,0,0,0,0,0,0
1936.83333333333,0,0,0,0,0,0,0,0
1936.91666666667,0,0,0,0,0,0,0,0
1937,0,0,0,0,0,0,0,0
1937.08333333333,0,0,0,0,0,0,0,0
1937.16666666667,0,0,0,0,0,0,0,0
1937.25,0,0,0,0,0,0,0,0
1937.33333333333,0,0,0,0,0,0,0,0
1937.41666666667,0,0,0,0.0906016059595505,0.00473976746382141,0,0.0052850769561326,0.0153467266510936
1937.5,0,0,0,0,0,0,0,0.0765263971068932
1937.58333333333,0,0,0,0,0,0,0,0.0472445592192406
1937.66666666667,0.185367279098619,0,0.162028859096018,0.514208736174204,0.459118233276317,0.365467893767013,0.510963545464643,0.0423459305719397
1937.75,0.446552755695779,0.525792182608702,0.389916959832936,0.815774894046672,1.01459102722733,1.01376428220263,0.932338788824109,0.797924150483026
1937.83333333333,0.804204279006527,0.806884052173937,1.0364233614837,1.20507824702338,1.61813340428904,1.62532089529773,1.48055943156489,2.11821178239392
1937.91666666667,1.16967787027677,1.02781024347827,1.52123803515285,1.29829848351171,2.23518358558424,2.28361738875003,2.03565996457778,3.0428262208349
1938,1.51137328978315,1.24737001739129,1.98984101323495,1.43502564175586,2.46041448917312,2.62903596498221,2.23382075769405,2.76305724668226
1938.08333333333,1.61324925212152,1.35357320869565,2.31747172110608,1.55190464087793,2.2942149297478,2.58539124691608,2.07228719145849,2.37576088576542
1938.16666666667,1.60612879267788,1.25949713913042,2.29650913636481,1.35676816043899,2.39942471241808,2.74508560855551,2.16227507276982,2.81685639788374
1938.25,1.52190638806513,1.09349899130434,2.20580500270018,0.992347700219476,2.53578100090532,2.92212427598891,2.28037563313559,2.96150832773064
1938.33333333333,1.40789270983083,0.815016582608717,2.16440341155681,0.641540710109734,2.33883886333846,2.78407465033508,2.09385535882871,2.42070680473382
1938.41666666667,1.27446648286493,0.546372869565237,2.00937103959507,0.537281635054843,1.8631506646631,2.35719941952032,1.65749639424459,1.5067741347653
1938.5,0.916397930177393,0.317138573913037,1.74717294315761,0.322217777527412,1.18675473713889,1.70705309366422,1.05051109970465,0.368786513111551
1938.58333333333,0.535035588925018,0.173996191304354,1.21268191388082,0.145845028763691,0.799232704488981,1.27188433699354,0.705903880875436,0.277609768512617
1938.66666666667,0.242973994606032,0.0827903391304138,0.673493568098617,0,0.522433172777978,0.927885078752601,0.460449317998969,0.00967248801275744
1938.75,0.0345245181630421,0,0.205414219988019,0,0.214243468625534,0.560365962269699,0.188680096062538,0
1938.83333333333,0,0,0,0,0,0.159994502160199,0,0
1938.91666666667,0,0,0,0,0,0,0,0
1939,0,0,0,0,0,0,0,0
1939.08333333333,0,0,0,0.0299492232604504,0.0232001141877138,0.00628584085013032,0.0204825057941989,0
1939.16666666667,0,0,0,0,0,0,0,0
1939.25,0,0,0,0,0,0,0,0
1939.33333333333,0.0067363962792635,0,0.00931316595599255,0.0312299179075382,0.0283880275989237,0.0128713047686801,0.0251111206199455,0
1939.41666666667,0,0,0,0,0,0,0,0
1939.5,0,0,0,0,0,0,0,0.0513960137446349
1939.58333333333,0,0,0,0,0,0,0,0
1939.66666666667,0,0,0,0,0,0,0,0
1939.75,0,0,0,0,0,0,0,0
1939.83333333333,0,0,0,0,0,0,0,0
1939.91666666667,0,0,0,0,0,0,0,0
1940,0,0,0,0,0,0,0,0
1940.08333333333,0,0,0,0,0,0,0,0
1940.16666666667,0,0,0,0,0,0,0,0
1940.25,0.0625271872234872,0,0.0527092497838655,0.22983543724302,0.221623729171688,0.0317761293087772,0.225697175750243,0
1940.33333333333,0,0,0,0,0,0,0,0.0347507514161115
1940.41666666667,0,0,0,0,0,0,0,0.00265310660502788
1940.5,0,0,0,0,0,0,0,0.0256574133814894
1940.58333333333,0,0,0,0.136132415719459,0.249113890670254,0,0.279661067492606,0.0308636051200202
1940.66666666667,0,0,0,0,0,0,0,0
1940.75,0,0,0,0,0,0,0,0
1940.83333333333,0,0,0,0,0,0,0,0
1940.91666666667,0,0,0,0,0,0,0,0
1941,0,0,0,0,0,0,0,0
1941.08333333333,0,0,0,0,0,0,0,0
1941.16666666667,0,0,0,0,0,0,0,0
1941.25,0,0,0,0,0,0,0,0
1941.33333333333,0,0,0,0,0,0,0,0
1941.41666666667,0,0,0,0,0,0,0,0
1941.5,0,0,0,0,0,0,0,0
1941.58333333333,0,0,0,0,0,0,0,0
1941.66666666667,0,0,0,0,0,0,0,0
1941.75,0,0,0,0,0,0,0,0
1941.83333333333,0,0,0,0,0,0,0,0
1941.91666666667,0,0,0,0,0,0,0,0
1942,0,0,0,0,0,0,0,0
1942.08333333333,0,0,0,0,0,0,0,0
1942.16666666667,0,0,0,0,0,0,0,0
1942.25,0,0,0,0,0,0,0,0
1942.33333333333,0,0,0,0,0,0,0,0
1942.41666666667,0,0,0,0,0,0,0,0
1942.5,0,0,0,0,0,0,0,0
1942.58333333333,0,0,0,0,0,0,0,0
1942.66666666667,0,0,0,0,0,0,0,0
1942.75,0,0,0,0,0,0,0,0
1942.83333333333,0,0,0,0,0,0,0,0
1942.91666666667,0,0,0,0,0,0,0,0
1943,0,0,0,0,0,0,0,0
1943.08333333333,0,0,0,0,0,0,0,0
1943.16666666667,0,0,0,0,0,0,0,0
1943.25,0,0,0,0,0,0,0,0
1943.33333333333,0,0,0,0,0,0,0,0
1943.41666666667,0,0,0,0,0,0,0,0
1943.5,0,0,0,0,0,0,0,0
1943.58333333333,0,0,0,0,0,0,0,0
1943.66666666667,0,0,0,0.0101934637737333,0,0,0,0
1943.75,0,0,0,0,0,0,0,0
1943.83333333333,0,0,0,0,0,0,0,0
1943.91666666667,0,0,0,0,0,0,0,0
1944,0,0,0,0,0,0,0,0
1944.08333333333,0,0,0,0,0,0,0,0
1944.16666666667,0,0,0,0,0,0,0,0
1944.25,0,0,0,0,0,0,0,0
1944.33333333333,0,0,0,0,0,0,0,0
1944.41666666667,0,0,0,0,0,0,0,0.0260498518777938
1944.5,0.417956555967288,0.362243591304357,0.49146973592257,0.610466278763466,0.683342628689623,0.501917844938994,0.631357003071843,0.373533806860621
1944.58333333333,0.398128334705354,0.298986843478264,0.506060000663365,0.202093012960836,0.241817254721511,0.0918876605748853,0.222777176342711,0.0459677961622582
1944.66666666667,0.193251300662291,0.195929417391294,0.246747395750279,0,0,0,0,0.110842091154516
1944.75,0,0,0,0,0,0,0,0
1944.83333333333,0,0,0,0,0,0,0,0
1944.91666666667,0,0,0,0,0,0,0,0
1945,0,0,0,0,0,0,0,0
1945.08333333333,0,0,0,0.0506685040445376,0,0,0,0
1945.16666666667,0.0193822595499308,0,0.0177990476521582,0.154529061088882,0.0853390644152665,0,0.0769270480759891,0
1945.25,0.202349542707777,0,0.185994497362616,0.0412972197381123,0,0,0,0
1945.33333333333,0.194367682841337,0.153060565217365,0.26063842720192,0.0345945990626984,0,0,0,0.0550801066365612
1945.41666666667,0.492772142512088,0.48948375652174,0.512427332388046,0.581374239086285,0.330555014865333,0.141852743176716,0.357952859463507,0.280061184667193
1945.5,0.135917234763521,0.210043191304354,0.124889201288339,0,0,0,0,0.235573467782863
1945.58333333333,0.445931755418479,0.509352800000022,0.410402380736244,1.26039070225068,1.11460951361826,1.08116229851827,1.20849167320545,1.51455903671185
1945.66666666667,1.19561080917761,1.33592221739133,1.1046687457059,3.42359973337603,3.2829357711433,3.48049056462391,3.54728528765502,3.56781742846728
1945.75,2.18495392769287,2.46163181739133,2.04775471070995,5.04166238893871,5.11965295341662,5.73479692946934,5.51525423527216,3.83418763070326
1945.83333333333,3.55273729473248,3.70201006086959,3.43757757914842,5.95469131672006,6.33030435493655,7.42423738486105,6.80550676173715,4.19329736858107
1945.91666666667,4.50843166320765,5.31992873043479,4.25030219128465,6.80458006061073,7.44999988176532,9.02831814649246,7.99373646708982,4.36927785249904
1946,4.94561928832694,5.45810351304347,4.6748393093598,6.10430103030537,8.25884833253459,10.2959967867773,8.84895565872252,4.57405875034414
1946.08333333333,5.48480314938092,5.19044513043477,5.20182729845899,5.0256683151527,9.55043801571627,12.0453580635481,10.20895083686,6.8682140295013
1946.16666666667,5.52983001866818,4.40545375652171,5.5509606021296,3.56022395757636,8.82255076851501,11.7712452373408,9.40627747053706,4.44079907519945
1946.25,4.95851092992029,2.86492971304347,5.44149286188569,2.64653171878817,6.80922111092665,9.85438110899572,7.22995119811174,1.36221320112929
1946.33333333333,4.47393348513995,1.69040434782608,5.26717220764966,2.10327437458959,6.12189880280354,9.06150034058266,6.46344930834071,2.64620702059498
1946.41666666667,2.84604992682164,1.42567886086957,4.18128060381746,1.3648260872948,4.63218880123059,7.36494985983644,4.88204114289918,1.31513937007213
1946.5,1.25010456735842,0.524374278260855,2.59979974048725,0.0708510798485218,2.60143716226353,5.24830258045696,2.64093351939355,0.0117411603892916
1946.58333333333,0.911567252805747,0.0215132521739021,1.32859623070398,0.0800421116717409,1.54735112761325,3.72594081341993,1.57578154321509,0.0807914296910726
1946.66666666667,0.472907983301339,0.253568304347843,0.928880013779876,0.591960097093125,1.33316557996545,2.94979898513816,1.39622369528732,0.0946612772787637
1946.75,0.234545825693772,0.122005643478278,0.716023516431709,1.08239354660862,1.40688963769307,2.7513728421472,1.44341995121326,0.631338492451129
1946.83333333333,0.820292021357607,0.505194573913037,0.839969326376988,1.55010485136637,1.8635739472256,2.98519682200341,1.94497760819812,1.35175826115694
1946.91666666667,1.1242937628835,1.1208544347826,1.17915685411249,2.02502080374525,2.20852133483712,2.78177227564783,2.30095238728137,0.34481691653681
1947,1.4713560127425,1.53659295652176,1.47112948471142,2.06919462187263,2.65777158266375,3.41006653052978,2.76620896023205,0.977066648411326
1947.08333333333,1.46787971124324,1.65814210434779,1.49508414809522,1.10146997096598,2.30892700753041,3.24759762786382,2.37445963136363,1.64391624102783
1947.16666666667,1.38462893988223,1.32266892173914,1.4185069412514,0.479915285483035,2.22749894357156,3.15478131807616,2.29067449460765,1.22109386205535
1947.25,1.53867062497209,0.834768930434775,1.56612532861158,1.32259280274152,2.8194393798062,3.77456898693895,2.91314918097506,1.97748819046269
1947.33333333333,1.40585926699257,0.24369444347829,1.65392382922749,0.974475914326156,1.97938880753894,2.94726679085731,2.04760592963768,0.518908726440288
1947.41666666667,1.23625916824308,0.569840652173933,1.84393158827483,1.34844129338054,1.87175844734636,2.78780003217151,1.94056256830894,1.0140209745189
1947.5,1.06487929497545,1.13330333913045,1.65054623275041,1.73541014290772,1.97454634723788,2.46333668220522,2.05089920026132,0.407055090598759
1947.58333333333,0.947118448765148,1.31170466956519,0.947744112764215,1.44617230360837,2.1407030399286,2.76276883701497,2.22430720247501,1.0467787023194
1947.66666666667,1.01121886842017,0.662855182608658,1.11466189614723,0,1.15396755212705,2.18541234867103,1.18943413869731,0.14008754379502
1947.75,0.562704696488373,0.141430878260873,0.781045943463282,0.0058276076097652,0.687487611842136,1.52413816549838,0.708109135849972,0.11074735677705
1947.83333333333,0.114630920179752,0,0.34380267511569,0,0.313376480095839,0.860813950379941,0.325896731474423,0
1947.91666666667,0,0,0.0453281193653806,0,0,0.268129344906942,0,0
1948,0,0,0,0,0,0,0,0.023249998558751
1948.08333333333,0,0,0,0.0155712838678213,0,0,0,0.0143540519528868
1948.16666666667,0,0,0,0.317888946729417,0.169701312786679,0,0.174463865722536,0.108800122492333
1948.25,0,0,0,0.346294176416695,0.145843749472467,0,0.149927867531336,0.278290843253222
1948.33333333333,0.113240181533284,0,0.116628123104539,0,0,0,0,0.168495686371944
1948.41666666667,0,0.215154367131762,0,0,0,0,0,0.160369459296995
1948.5,0,0.0157874127708527,0,0,0,0,0,0.155857604134785
1948.58333333333,0,0,0,0.432119075356718,0.384565385197365,0.28295899346688,0.393169187015853,1.10074027251602
1948.66666666667,0.195948552816313,0,0.203047919803676,0.236885724665115,0.451520334966221,0.310673489524262,0.46170261563435,0.030554253446064
1948.75,0.267588539879713,0.168041036133432,0.277110381290519,0.39699875191892,0.367552885295783,0.200741375152025,0.375759398238914,0.079168871457733
1948.83333333333,0.381066180314082,0.283017227296309,0.394237825126117,0.429700327355453,0.39820854758329,0.208208537543933,0.407132063895304,0.122373336341649
1948.91666666667,0.462904958248818,0.59069518057144,0.478567404467934,0.859400231247731,0.841221950424608,0.656309604261821,0.861059996103828,1.39731081874065
1949,0.837048578819043,0.944629247472889,0.862615641655029,1.27886879293504,1.72213959698045,1.61457038131442,1.76669818875535,1.93898948186344
1949.08333333333,1.55762588954072,1.54257194877996,1.59565326844688,2.47581701256649,3.05111558571968,3.13040424256735,3.14030695995507,3.07850487105844
1949.16666666667,2.46816429747006,2.50270928475689,2.51018978243063,3.43016343735898,4.07338338582604,4.62319843329617,4.21006904072038,3.14120072393411
1949.25,3.25317866628887,3.03571583478263,3.53664260869839,3.28422167867948,5.42959614314407,6.62804455634856,5.39747097353417,4.30867386096413
1949.33333333333,3.40964564312,2.93894270434783,3.97026684452068,2.78291421933976,5.32514970877926,6.72994238209744,5.27567357359418,3.67149318468638
1949.41666666667,3.27680266149071,2.33603095652172,3.93380565770006,2.37372816966985,5.08754038835488,6.60059388175395,5.02188688099861,3.47332579720699
1949.5,3.11301342107928,1.87348914782607,3.94071985327154,1.80367472483494,4.70355584278239,6.25459813151343,4.61864467596761,3.20175894911998
1949.58333333333,2.6760752168803,1.53887578260867,3.77972106189302,1.70136658241744,4.34854677041399,5.88167717777374,4.2482688266332,2.97753824945517
1949.66666666667,2.28757129950304,1.37992667826084,3.37297186768821,1.62590373120874,3.64263177057815,5.12107754587019,3.53525247492729,2.05580033995327
1949.75,2.0543940385585,1.34588329565221,3.00871080857251,1.71692314560437,3.45978670782388,4.82616062496626,3.34077876916691,2.70058994715189
1949.83333333333,1.85899915055993,1.43874404347826,2.67080793689013,1.68885193280217,3.20693325880337,4.47642922319072,3.08331884044753,2.05246723071631
1949.91666666667,1.67672590645691,1.33421162608698,2.38178742463317,1.40353062640108,2.96594820024421,4.14443424194769,2.84318940953166,1.26330725791052
1950,1.44908151760613,0.980945121739171,1.88195648710381,0.275945396498134,2.20103125324973,3.31217290507771,2.10977084571897,0.766580185525112
1950.08333333333,0.981239495120424,0,1.46501974427888,0,1.34853366615401,2.34463397641152,1.29151732848402,0.00487769709151604
1950.16666666667,0.00265591753089033,0,0.862721856478235,0,0.282915673011991,1.43641432634519,0.305446703948311,0
1950.25,0,0,0,0,0,0,0,0
1950.33333333333,0,0,0,0,0,0,0,0
1950.41666666667,0,0,0,0,0,0,0,0
1950.5,0,0,0,0,0,0,0,0
1950.58333333333,0,0,0,0,0,0,0,0
1950.66666666667,0,0,0,0,0,0,0,0
1950.75,0,0,0,0,0,0,0,0
1950.83333333333,0,0,0,0,0,0,0,0
1950.91666666667,0,0,0,0,0,0,0,0
1951,0,0,0,0,0,0,0,0
1951.08333333333,0,0,0,0,0,0,0,0
1951.16666666667,0,0,0,0,0,0,0,0
1951.25,0,0,0,0,0,0,0,0
1951.33333333333,0,0,0,0,0,0,0,0
1951.41666666667,0,0,0,0.154156553551887,0,0,0,0
1951.5,0,0,0,0.0351254904256582,0,0,0,0
1951.58333333333,0.013076327927476,0,0.0140143534567097,0,0,0,0,0
1951.66666666667,0.291084842672558,0.209536415756596,0.31109073658344,0.231267891404441,0,0,0,0
1951.75,0.306780482132889,0.321739130434766,0.313214687071017,0.189643487784563,0,0,0,0.351968230545174
1951.83333333333,0.253038051213079,0.286956521739128,0.258230969511365,0.0791877981900946,0.0582851490143415,0,0.0599443561129889,0.465605071429996
1951.91666666667,0.27606759625841,0.104347826086964,0.281786441337177,0.258781697285126,0.236650518743853,0.14332069266971,0.243279390833398,0.480825880173643
1952,0.214665200128571,0,0.219001679791735,0,0,0,0,0
1952.08333333333,0,0,0.0858991059156576,0,0,0,0,0
1952.16666666667,0,0,0,0,0,0,0,0
1952.25,0,0,0,0,0,0,0,0.0115093738301727
1952.33333333333,0,0,0,0.0107782121094413,0,0,0,0.0259202075662607
1952.41666666667,0,0,0,0.0794463428122061,0.0292910277188696,0,0.0293347048629933,0.0808556635960331
1952.5,0.217531684081143,0.0678229900888515,0.234804926658383,0.472960145803203,0.423863771157247,0.349968840347595,0.425019462138313,0.323909790107361
1952.58333333333,0.562401325478973,0.446438964462928,0.604892773912444,0.988838112569734,0.99389133613938,0.936862455666915,0.998347227315037,0.72096577750374
1952.66666666667,0.639059484395885,0.590363801200733,0.686804157297769,0.330717599359298,0.76453230596952,0.762500151170028,0.767422504450137,0
1952.75,0.49091274550708,0.373913043478249,0.50134071373429,0,0.0867476096479804,0.30023981184243,0.0893923908411236,0.00960422351721964
1952.83333333333,0,0,0,0,0,0,0,0
1952.91666666667,0,0,0,0,0,0,0,0
1953,0,0,0,0.20622113231572,0.0659164345605411,0,0.0681328178073058,0
1953.08333333333,0,0,0,0,0,0,0,0
1953.16666666667,0,0,0,0,0,0,0,0
1953.25,0,0,0,0.156646761455503,0.0906140960820489,0,0.0897096501872278,0.0056166731152348
1953.33333333333,0,0,0,0,0,0,0,0.0224818327707352
1953.41666666667,0,0,0,0,0,0,0,0.149560131925784
1953.5,0.0361875919280645,0.0495409247470568,0.0401983711555738,0.0981130195039093,0.0613051121316159,0,0.0605011111936238,0.147800943562667
1953.58333333333,0,0.104579830955759,0,0.183289048301827,0.136577121701832,0.0272049213726319,0.134822324273935,0.206435774229482
1953.66666666667,0.282984490542562,0.257072012606873,0.313619059152445,0.730792115964984,0.718676388626142,0.587228780545052,0.710904581873874,1.2805764125056
1953.75,0.753738855392575,0.771030392355289,0.830793106121277,1.47835573390953,1.56772596614071,1.48690128637259,1.55530349865806,2.08558125075504
1953.83333333333,1.44921050980093,1.5598562058472,1.58506290923082,2.59694756700712,2.8565187771357,2.91468278058609,2.84595340043945,2.76500532129912
1953.91666666667,2.88561961041253,3.11793001865573,3.1094887443589,4.3874759130127,5.64606844499409,6.00395401209755,5.67350394486743,5.62078291669284
1954,4.40776403520439,3.86086956521739,4.68165655270041,4.37373795650635,7.38792720484559,8.99935309079915,7.46650499315508,4.91711775879748
1954.08333333333,4.65807894498176,3.9217391304348,5.70193356944592,4.46686897825317,7.1600537386039,9.19097351070034,7.19569246957731,4.57197056342199
1954.16666666667,4.61142135380665,3.75652173913043,5.53265754300372,4.01343448912659,7.05125831588125,9.21939574320447,7.05425758700952,4.79659132292317
1954.25,4.23375988443242,3.28695652173914,5.21679396405683,3.32671724456328,6.97230948680292,9.21786273452883,6.94834402588989,4.83299328349002
1954.33333333333,3.88769840985271,2.5826086956522,4.92214860083104,2.22335862228165,6.32692070474762,8.59536105702734,6.2742695734287,3.93710010163777
1954.41666666667,3.43265079424403,1.86956521739129,4.46476795659869,1.75167931114082,5.30974902645905,7.51675273991916,5.23824595458352,2.82859675389026
1954.5,2.6563464214749,1.28695652173916,3.94961206293832,1.31583965557041,3.87339995579375,5.92601263222914,3.79557915169748,1.35447160965322
1954.58333333333,1.94280721598508,0.869565217391305,3.09358116655918,1.01791982778519,3.17568363708558,4.98392312827468,3.09840012259743,1.59742266258533
1954.66666666667,1.39939921226073,0.773913043478263,2.33507763230968,0.848959913892644,2.60728684763386,4.1744604755065,2.53272428408476,1.30577335143083
1954.75,0.979969553236426,0.556521739130412,1.67553839119383,0.564479956946284,1.96009405602308,3.30783661856888,1.89858193887195,0.2448861576921
1954.83333333333,0.686433180103258,0.169618158984347,1.01876224643915,0,1.06832922738506,2.20834277585537,1.03388600542843,0
1954.91666666667,0,0,0.450955398171886,0,0,1.14661884345137,0,0
1955,0,0,0,0,0,0,0,0
1955.08333333333,0,0,0,0,0,0,0,0
1955.16666666667,0,0,0,0,0,0,0,0
1955.25,0,0,0,0,0,0,0,0
1955.33333333333,0,0,0,0,0,0,0,0
1955.41666666667,0,0,0,0,0,0,0,0
1955.5,0,0,0,0,0,0,0,0
1955.58333333333,0,0,0,0,0,0,0,0
1955.66666666667,0,0,0,0,0,0,0,0
1955.75,0,0,0,0,0,0,0,0
1955.83333333333,0,0,0,0,0,0,0,0
1955.91666666667,0.0156543855272713,0,0.0166466299229245,0.147043825162951,0.0418934411670644,0,0.0433510084079921,0
1956,0,0,0,0,0,0,0,0
1956.08333333333,0,0,0,0,0,0,0,0
1956.16666666667,0,0,0,0.312459708182189,0.257882621951625,0.169200946038799,0.266104358187641,0
1956.25,0,0,0,0.11339149545937,0.0501946179568928,0,0.05176900803296,0
1956.33333333333,0.155907230220187,0,0.164443704800002,0.499592417523775,0.435445176534842,0.211978643253619,0.440886992552888,0
1956.41666666667,0.343303188479588,0.208695652173929,0.362750121689282,0.57527759020406,0.518352262621757,0.274728853459202,0.524705473150007,0.226099664199434
1956.5,0.444951510169853,0.547826086956539,0.470618034950367,0.913120176544169,0.88092220310801,0.640082572031678,0.890786035192489,0.13133132296476
1956.58333333333,0.578029277350388,0.67826086956522,0.612163871157537,0.573452649955541,0.765534937902143,0.834951339806806,0.790898250876473,0.22191187159558
1956.66666666667,0.46854273531406,0.53296468564962,0.47526389809604,0.0882738595611166,0.254411860712968,0.29646086342594,0.262520755167055,0.150028392478117
1956.75,0.119186124242443,0,0.12123310656465,0,0,0,0,0.00940957152249942
1956.83333333333,0.0195097404698746,0,0.0198607743365088,0.449570011033984,0.584820700319325,0.525327123407677,0.603274120999832,0.337369002233825
1956.91666666667,0.10088253550538,0,0.122458785299849,0.324785005517025,0.712603927963191,0.659026512618605,0.735314778831901,0.0755793944789356
1957,0.281736546082249,0.0521739130434822,0.303789450356796,0,0.549716553168053,0.752115324661621,0.554733623052227,0
1957.08333333333,0.313404408737937,0.0434782608695604,0.347891943772557,0.293264395205783,0.332425893710265,0.295092850219019,0.342706592387075,0.0221054681949341
1957.16666666667,0,0.0129764433725419,0,0,0,0,0,0.02213345491342
1957.25,0,0,0,0.0010590986180059,0,0,0,0.0919966161575525
1957.33333333333,0,0,0,0.325833186789115,0.281289578335961,0.219094010497594,0.289374007062731,0.63041136308385
1957.41666666667,0.260068484759272,0.0437498382537164,0.265877625084068,0.880435571210914,0.850202562216359,0.792690539634774,0.875856664285889,0.118887007311676
1957.5,0.568384127967756,0.24531299825772,0.579622207859253,0.94359680437277,0.972688249237755,0.96477243962104,1.00233577541023,0.0840430824208753
1957.58333333333,0.734161272676361,0.565682804346884,0.747678665914276,0.906696498809678,0.976369373018367,1.01185735302854,1.00613806088063,0.221817825521491
1957.66666666667,0.982187925948273,0.989330301350795,0.99829746165358,1.37039997071389,1.52871985017661,1.62397776931064,1.57741969016675,1.38910577576001
1957.75,1.16777450459852,1.32797503711935,1.1851931420596,1.59337626650822,2.09209867894884,2.29820793499861,2.16162321090101,2.20755297530901
1957.83333333333,1.92182010780516,1.89719133474551,1.93918765173683,2.54259999267847,3.64093524172553,4.14749109308832,3.59860199665689,2.67987078556393
1957.91666666667,2.4602967889529,2.26956521739131,2.71487389287892,2.97129999633925,4.11634437588593,5.03396580630914,4.05389804009936,3.02564851568161
1958,2.70331303074695,2.53913043478264,3.2442210524087,2.7456499981696,4.29803236008739,5.34520463584495,4.22181250827018,3.12272008599222
1958.08333333333,2.84924791827433,2.55652173913043,3.41304900020259,2.77282499908482,4.77973020840685,5.92735753080577,4.68045592601472,3.92713407592258
1958.16666666667,2.96335563755474,2.31304347826087,3.56426214200437,2.34641249954239,4.80285198817257,6.05629312870686,4.68195776613512,3.64150293584216
1958.25,2.95894550584854,1.95652173913041,3.71918805718606,2.05320624977121,4.80384071004238,6.12511947580917,4.66180623862845,3.77882112833076
1958.33333333333,2.72159146736496,1.68695652173913,3.71607097786952,1.66660312488558,4.07510917305127,5.44472649020926,3.93392584844025,2.59683417224958
1958.41666666667,2.14296544476501,1.2608695652174,3.1970892432854,1.25330156244279,3.10974445899436,4.45416568600365,2.99193445643255,1.5790021184106
1958.5,1.52339593221764,0.808695652173901,2.37706962468672,0.546650781221381,2.15489881606204,3.39648740877401,2.06884488438589,1.00847083687951
1958.58333333333,0.907467245189962,0.313043478260893,1.57302741470255,0.0133253906107189,1.58011304207064,2.6561126147132,1.51499114115781,0.836232568135759
1958.66666666667,0.495861306830856,0,0.962701374136322,0.100860086945342,1.03944255976666,1.94499311601355,0.993205211010475,0.300036330523359
1958.75,0.124169362709549,0,0.488885131668803,0,0.29375917321139,1.04006660978087,0.280133652922109,0.00768573417528648
1958.83333333333,0,0,0,0,0,0,0,0
1958.91666666667,0,0,0,0,0,0,0,0
1959,0,0,0,0,0,0,0,0
1959.08333333333,0,0,0,0,0,0,0,0
1959.16666666667,0,0,0,0,0,0,0,0
1959.25,0,0,0,0,0,0,0,0
1959.33333333333,0,0,0,0,0,0,0,0
1959.41666666667,0,0,0,0,0,0,0,0
1959.5,0,0,0,0,0,0,0,0
1959.58333333333,0,0,0,0.159346123089321,0.0547152735350829,0,0.0578755989987187,0
1959.66666666667,0.0799265075272319,0,0.0886238974229765,0.359019184634013,0.258867297650135,0.0790379492981203,0.255220928988728,0
1959.75,0.304129255458838,0.16521739130432,0.338132638586587,0.638855715406317,0.557948273302228,0.327221656664021,0.549487743274346,0.025060353759586
1959.83333333333,0.44055187641708,0.313043478260845,0.490622113423899,0.558773980792493,0.50197898605337,0.265235966105789,0.494468884477274,0.157961320190155
1959.91666666667,0.577205929866024,0.573913043478256,0.643888976013503,0.778733113485597,0.746982533635221,0.500417411286512,0.735141779725399,0.513337410660508
1960,0.127918986246694,0.139130434782603,0.141919983395295,0,0,0,0,0.0560641394995823
1960.08333333333,0,0,0,0,0,0,0,0
1960.16666666667,0,0,0,0,0,0,0,0.0521421924139571
1960.25,0,0,0,0.176247445793321,0.0973453168049996,0,0.0970438388031277,0
1960.33333333333,0,0,0,0.341154747278605,0.16539724321885,0,0.174821299729432,0
1960.41666666667,0.415633656554319,0.124400013711279,0.401885118745975,0.568433030138316,0.474369625675025,0.253744593049895,0.47231118721198,0
1960.5,0.454826827398404,0.660869565217376,0.43967188491288,0.880463960862476,0.827098766669939,0.602933160626492,0.822535814288173,0.0530496350027689
1960.58333333333,0.78777329743455,0.884711146097257,0.759920561875,1.09647942622453,1.10294048356541,0.911650872215754,1.09582848527076,1.09689717820431
1960.66666666667,1.0928779877938,1.1750667282627,1.0522284311019,1.24823971311225,1.50313224384179,1.36346755604255,1.49138303522875,1.82151630085246
1960.75,1.43193301054831,1.3391304347826,1.54624888960741,1.44411985655615,1.95763540326819,1.89402494900705,1.93924208099295,1.64532235956798
1960.83333333333,1.66490915569348,1.30434782608696,1.83399168105645,1.50205992827805,2.24098882374282,2.37255798122504,2.21617682754317,1.77231471249816
1960.91666666667,1.75773248368394,1.34782608695652,2.17034481201792,1.55102996413903,2.56365153226357,2.88221915828605,2.52970609652587,2.12676424054919
1961,1.70661657299275,1.36521739130431,2.18648523893501,1.51551498206954,2.60982706801112,3.08898198222884,2.57045523686293,1.87780882002528
1961.08333333333,1.61457389830863,1.26956521739132,2.08683816444117,1.35775749103475,2.5120173537754,3.10514453041731,2.46858893159148,1.72902924681131
1961.16666666667,1.51278157247968,1.06956521739131,1.9107115452631,0.998878745517384,2.30277885195613,2.96645831414929,2.26010072737592,1.47876893674819
1961.25,1.24902658765845,0.79999999999998,1.68169766817769,0.679439372758672,1.89927420442133,2.59080653419024,1.86132359432025,1.11437948233985
1961.33333333333,0.887411836689574,0.38260869565217,1.30564901010692,0.11971968637936,1.24816026322264,1.92070743107596,1.22205731448692,0.400808321306068
1961.41666666667,0.516615690262413,0.00869565217392174,0.845272824581213,0,0.706477626892305,1.30163805889602,0.691129125534215,0.173432537653229
1961.5,0.0565542815798755,0,0.400426666224841,0,0,0.482575212655822,0,0.099106735451277
1961.58333333333,0,0,0,0,0,0,0,0.00171514939243759
1961.66666666667,0,0,0,0,0,0,0,0
1961.75,0,0,0,0,0,0,0,0
1961.83333333333,0,0,0,0,0,0,0,0
1961.91666666667,0,0,0,0,0,0,0,0
1962,0,0,0,0,0,0,0,0
1962.08333333333,0,0,0,0,0,0,0,0
1962.16666666667,0,0,0,0,0,0,0,0
1962.25,0,0,0,0,0,0,0,0
1962.33333333333,0,0,0,0,0,0,0,0
1962.41666666667,0,0,0,0,0,0,0,0
1962.5,0,0,0,0,0,0,0,0
1962.58333333333,0.0633637170726311,0.0740267100357331,0.0680244741434519,0.310177275664136,0.281011968965983,0.168643307330019,0.279981357948986,0.0426356760583705
1962.66666666667,0.138916305090269,0.0818092508633618,0.132914489499697,0.394636588763841,0.337422601947312,0.165699755947459,0.358948831590325,0.199712115792888
1962.75,0.0730063806698587,0,0.0698803438245069,0,0,0,0,0.0560671001856614
1962.83333333333,0.255280748043695,0.196975770419719,0.244078258124278,0.430329893458303,0.388427169412737,0.349122024902766,0.413162130414225,0.329546346659505
1962.91666666667,0.151815304944187,0.268174016494241,0.145244749674621,0.317962863773635,0.29740299704015,0.242580324748474,0.316288907174471,0.174453469410683
1963,0.270042912501199,0.331328311251407,0.258169438872685,0.439533462257069,0.662167392472145,0.622495107377044,0.704685367498161,0.459852622770707
1963.08333333333,0.547988536306862,0.33913043478261,0.59992723884929,0.219766731128512,0.773935320928201,0.922954709826856,0.769357451877041,0.520953565572345
1963.16666666667,0.42887682558342,0.130434782608681,0.538555288040609,0,0.506906229488359,0.688925439735993,0.503719734284162,0.0722672668369438
1963.25,0.238476571234387,0,0.452046666687438,0.0627400542833279,0.346843206138039,0.525104950672309,0.34433710372834,0.0826183818390083
1963.33333333333,0.167122141305468,0.034782608695687,0.331671908858289,0.214110081424979,0.29331089136781,0.453287751184885,0.290812788552819,0.247679049338447
1963.41666666667,0.111511384587685,0.0869565217391691,0.236398203950917,0.139396172922313,0.278578562538019,0.360158568686557,0.276086017427673,0.00671451228437567
1963.5,0.127453309910338,0,0.140375676487995,0,0.163116143670339,0.214171292285879,0.161721275631837,0.0288382064896897
1963.58333333333,0.127453309910338,0,0.140375676487995,0,0,0,0,0.00671028066987242
1963.66666666667,0,0,0,0,0,0,0,0.0134290256081421
1963.75,0,0,0,0,0,0,0,0
1963.83333333333,0.0159214435327589,0,0.0175132026454461,0.0198651566740704,0.00560329326633109,0.0186497077819814,0.00555727683169606,0.0191795617702341
1963.91666666667,0,0,0,0,0,0,0,0
1964,0,0,0,0,0,0,0,0.00399915857625851
1964.08333333333,0,0,0,0,0,0,0,0
1964.16666666667,0,0,0,0,0,0,0,0.00762324367659723
1964.25,0,0,0,0,0,0,0,0
1964.33333333333,0,0,0,0,0,0,0,0
1964.41666666667,0,0,0,0,0,0,0,0
1964.5,0,0,0,0,0,0,0,0
1964.58333333333,0,0,0,0,0,0,0,0
1964.66666666667,0,0,0,0,0,0,0,0
1964.75,0,0,0,0,0,0,0,0
1964.83333333333,0,0,0,0,0,0,0,0
1964.91666666667,0,0,0,0,0,0,0,0
1965,0,0,0,0,0,0,0,0
1965.08333333333,0,0,0,0,0,0,0,0.0285518222595445
1965.16666666667,0,0,0,0,0,0,0,0
1965.25,0,0,0,0,0,0,0,0
1965.33333333333,0,0,0,0,0,0,0,0
1965.41666666667,0,0,0,0,0,0,0,0
1965.5,0,0,0,0,0,0,0,0
1965.58333333333,0,0,0,0,0,0,0,0
1965.66666666667,0,0,0,0,0,0,0,0
1965.75,0,0,0,0,0,0,0,0
1965.83333333333,0,0,0,0,0,0,0,0
1965.91666666667,0,0,0,0,0,0,0,0
1966,0,0,0,0,0,0,0,0
1966.08333333333,0,0,0,0,0,0,0,0
1966.16666666667,0,0,0,0,0,0,0,0
1966.25,0,0,0,0,0,0,0,0
1966.33333333333,0,0,0,0,0,0,0,0
1966.41666666667,0,0,0,0,0,0,0,0
1966.5,0,0,0,0,0,0,0,0
1966.58333333333,0.0459942213230708,0.00268471284445172,0.0473348006318248,0.00019209202095638,0,0,0,0
1966.66666666667,0,0,0,0,0,0,0,0.00810064982502566
1966.75,0,0,0,0,0,0,0,0.078459811667702
1966.83333333333,0,0,0,0,0,0,0,0.0298338621545799
1966.91666666667,0,0.00185338013028567,0,0.274292337389603,0.241147117277127,0.183131025758129,0.246479580180133,0.0570684040096278
1967,0.149676095052638,0.0533495315485874,0.154909212978174,0.557776508035701,0.536130810141272,0.468113460165366,0.548407330342244,0.25679844602063
1967.08333333333,0.255693909193382,0.166865699442223,0.264390669507067,0.476392590419383,0.582901925694377,0.531979537212179,0.596321680191507,0.0974667926026468
1967.16666666667,0.386120792001806,0.265140839436749,0.398805504299715,0.531656987255102,0.560759135049456,0.524333250882366,0.57363621545707,0.0767472192088059
1967.25,0.363883433061337,0.398021824772767,0.375909378456213,0.482376025342379,0.518039894988434,0.488294866724288,0.529877303480963,0.290439997256765
1967.33333333333,0.319539590719398,0.360099984283532,0.33022595646724,0.27240892780811,0.583827586807323,0.558388412969037,0.597270083465492,0.437331276054572
1967.41666666667,0.367862816053894,0.24609231688928,0.3800072849706,0.210474497745983,0.740339323054408,0.729582436015,0.757691686154086,0.622386744286829
1967.5,0.379796671035838,0.140046102049202,0.392294917417113,0.140225918162296,0.44592374476211,0.512726645822216,0.4565985322934,0.0717744749064472
1967.58333333333,0.244731993610969,0.00935774409067283,0.407336090704467,0.0834185468713944,0.114792869504978,0.180905003276071,0.117608368469465,0.0500289736296751
1967.66666666667,0.128184476871191,0.0308370735866715,0.241587848487141,0.0786882444608228,0.106560961919514,0.153300490200062,0.109172254929159,0.0557268805746469
1967.75,0.177766321238485,0.208529805568012,0.248764209890654,0.230142158556346,0.549011758612661,0.615289550338785,0.563099589317819,0.118916381232847
1967.83333333333,0.270590328569033,0.121739130434808,0.278230445918972,0.115071079278151,0.539557067961531,0.727990631018138,0.560593893806097,0.219857979683244
1967.91666666667,0.228034425442589,0,0.321895872622308,0,0.344092137739025,0.573629456775336,0.357408967862627,0.0338582070803383
1968,0,0,0.0760970000154452,0,0,0.105977490498867,0,0
1968.08333333333,0,0,0,0.0309478672551933,0,0,0,0.0104180343108748
1968.16666666667,0,0,0,0,0,0,0,0
1968.25,0,0,0,0,0,0,0,0
1968.33333333333,0,0,0,0,0,0,0,0
1968.41666666667,0,0,0,0,0,0,0,0
1968.5,0,0,0,0,0,0,0,0
1968.58333333333,0,0,0,0,0,0,0,0
1968.66666666667,0,0,0,0,0,0,0,0
1968.75,0,0,0,0,0,0,0,0
1968.83333333333,0,0,0,0,0,0,0,0
1968.91666666667,0,0,0,0,0,0,0,0
1969,0,0,0,0,0,0,0,0
1969.08333333333,0,0,0,0,0,0,0,0
1969.16666666667,0,0,0,0,0,0,0,0
1969.25,0,0,0,0,0,0,0,0.0089957366691509
1969.33333333333,0,0,0,0,0,0,0,0
1969.41666666667,0.0971488199559031,0.0752883767725667,0.0941681775465518,0.226020778269209,0.220084266767138,0.176014459240774,0.223120152273349,0.15975881866971
1969.5,0.242642710205971,0.235391200680135,0.246664339501495,0.434257207187416,0.452482909824725,0.424965549768214,0.459023662839663,0.051865430274393
1969.58333333333,0.309406491963069,0.345712819029842,0.325267569107811,0.484372485472129,0.535848282384362,0.54137102437917,0.543720573206291,0.367980538159957
1969.66666666667,0.583959648827391,0.604178884048869,0.575042295862963,0.64639500468826,0.725820967556426,0.769345658729801,0.765883332056621,0.114260624241111
1969.75,0.561326813438099,0.652173913043455,0.545763585763346,0.635941504844562,0.712698192469104,0.761124985819547,0.752055717816505,0.413655932115385
1969.83333333333,0.583823311589743,0.565217391304334,0.567720964436347,0.457970752422288,0.924683297706325,0.991084800496573,0.975338096640819,0.272335180067072
1969.91666666667,0.666339517540927,0.478260869565213,0.648316438537461,0.273048759225825,0.879867686181144,1.14608178464696,0.893820876370851,0.525479693723777
1970,0.768218403788514,0.645834552438737,0.905368805194519,0.90301532119792,1.38450304398391,1.69137822410879,1.40981488708447,1.24590391212091
1970.08333333333,0.998941413219187,0.739850057220157,1.17119054630878,1.61746726616312,2.07827731277506,2.53400776867759,2.18124544545886,1.3701587122312
1970.16666666667,1.57526842434841,1.31440981317754,1.74595986723308,2.49202381289755,2.87229593782809,3.4407087049381,3.0087787999858,1.80565286055298
1970.25,2.03897254664002,2.25446766365064,2.05497628359028,2.98431158601318,3.6509585610964,4.41671776986325,3.81802334302634,2.50238176876224
1970.33333333333,2.55736295740346,2.81739130434784,2.54132000777407,3.29215579300661,4.60813496708502,5.58872137776247,4.78557330045344,2.92972383981381
1970.41666666667,3.07840552161235,2.90434782608697,3.09423187044443,3.16607789650329,5.13614161213156,6.48845812240236,5.34845783078415,3.34222451543986
1970.5,3.44941445786083,2.92173913043481,3.53741041431012,3.28303894825166,5.36098613187584,6.94192068568165,5.56696943531256,3.27381644499088
1970.58333333333,3.37670052401102,2.73043478260868,3.85523605693153,2.90151947412585,5.13725592723496,6.87363019426282,5.31912902960858,2.76833811095753
1970.66666666667,3.17906805577777,2.41739130434778,3.64682536165273,2.53075973706292,4.98437449396832,6.80439827884119,5.14937215460727,2.75401122004626
1970.75,3.00671103397152,2.24347826086954,3.61173896170649,2.38537986853147,4.90514394891598,6.75593593804599,5.04751802960647,2.76808850383964
1970.83333333333,2.78557920624564,1.93913043478257,3.36495668626641,2.19268993426573,4.6355440021101,6.48629801377508,4.7548266072376,2.54444685165378
1970.91666666667,2.51675173446777,1.70434782608697,3.12676909335169,1.81634496713285,3.98450922595984,5.78326575249969,4.07394859592145,1.92067019136873
1971,2.29384606590783,1.62608695652177,2.94421122167881,1.80817248356639,3.69953810038118,5.39828602674977,3.77068494702654,1.99311868103602
1971.08333333333,1.87949173344723,1.40869565217392,2.43302719798113,1.52408624178322,3.03170749046778,4.61451450443906,3.08346359979491,1.29253551292329
1971.16666666667,1.51728555263992,1.01739130434783,1.99295137553105,0.86204312089162,2.54737739848381,3.98016015310738,2.58692026514009,1.1866536650938
1971.25,1.32442599862505,0.747826086956497,1.63633625845739,0.531021560445799,2.21536689832898,3.49325496431796,2.24688900118929,1.06154537440719
1971.33333333333,0.858088217430423,0.365217391304327,1.29508907859574,0.285510780222875,1.39433964117403,2.50956418930827,1.41129129545044,0.189346382046435
1971.41666666667,0.45277479400078,0,0.773115086892447,0,0.566505990811999,1.47812350394437,0.573090566743957,0.0122431206373255
1971.5,0.132823838876522,0,0.40419983876954,0,0.215200428013234,0.906115024189659,0.217538550572692,0
1971.58333333333,0,0,0.0330658242333365,0,0,0.184280516932755,0,0.0287303939960287
1971.66666666667,0,0,0,0.0560594975407724,0.0420816513521969,0.0325216133056123,0.0425241166644353,0.0210924425683773
1971.75,0.0390451747316334,0,0.0413276162981802,0,0,0,0,0
1971.83333333333,0,0,0,0,0,0,0,0.032355029236449
1971.91666666667,0,0,0,0,0,0,0,0.0199034086139823
1972,0,0,0,0,0,0,0,0
1972.08333333333,0,0,0,0,0,0,0,0
1972.16666666667,0,0,0,0,0,0,0,0
1972.25,0,0,0,0,0,0,0,0
1972.33333333333,0,0,0,0,0,0,0,0
1972.41666666667,0,0,0,0,0,0,0,0
1972.5,0,0,0,0,0,0,0,0
1972.58333333333,0,0,0,0,0,0,0,0
1972.66666666667,0,0,0,0,0,0,0,0
1972.75,0,0,0,0,0,0,0,0
1972.83333333333,0,0,0,0,0,0,0,0
1972.91666666667,0,0,0,0,0,0,0,0
1973,0,0,0,0,0,0,0,0
1973.08333333333,0,0,0,0,0,0,0,0
1973.16666666667,0,0,0,0,0,0,0,0
1973.25,0,0,0,0,0,0,0,0
1973.33333333333,0,0,0,0,0,0,0,0
1973.41666666667,0,0,0,0,0,0,0,0
1973.5,0,0,0,0,0,0,0,0
1973.58333333333,0,0,0,0,0,0,0,0.0294559633769145
1973.66666666667,0,0,0,0.0197396129735239,0,0,0,0.0294947700423511
1973.75,0,0,0,0,0,0,0,0.021475218740383
1973.83333333333,0.0311956905642378,0,0.0307148900525163,0.256919073015238,0.197145485361917,0.114258460445374,0.206644917668764,0.00805853749894256
1973.91666666667,0.128584889306449,0.116925358443113,0.126517509099781,0.57146761104927,0.501993003747701,0.393620455821126,0.526515027771533,0.25778831224473
1974,0.316690216127717,0.362654816243048,0.311194324782993,0.96884807369797,0.991529446556783,0.91751082712104,1.04101377057116,0.6115730116197
1974.08333333333,0.747169944006229,0.648994418235004,0.732054717684968,1.17891485653985,1.44299555059634,1.45390222761372,1.51640452278831,1.01324943089498
1974.16666666667,0.912843949825505,1.05710874679718,0.893381596282362,1.32221201842451,1.50537092861498,1.60597065380297,1.58215281564993,0.714694771961708
1974.25,1.00252471768888,0.999999999999986,0.980562154315983,1.00110600921228,1.3687895596303,1.69460509138622,1.42943215581959,0.476306229773793
1974.33333333333,1.00580767169693,0.791304347826058,1.01291631335537,0.560553004606135,1.40601631854759,1.85224768242176,1.46818560928119,0.858687389356596
1974.41666666667,0.907963813320478,0.626086956521738,1.02122466990677,0.580276502303079,1.59091270441768,2.08943052055234,1.65985873398982,1.05383485926325
1974.5,0.878862233658456,0.478260869565213,1.06963336464737,0.77519250832454,1.62399542179493,2.16974422152952,1.69065208249909,0.966383823689619
1974.58333333333,1.06273312056062,0.599999999999973,1.22770226043919,1.19342054463343,1.80678233183734,2.3973923836421,1.87754914423629,0.958777146789948
1974.66666666667,1.21034354137128,1.13913043478264,1.51093604503161,1.78253456278785,2.06175731344787,2.70674609712093,2.13705580233124,1.39188875671334
1974.75,1.54990355433318,1.74782608695648,1.78020666774044,2.59126728139392,2.98181293176076,3.6378192454272,3.08333456692385,2.18770171021579
1974.83333333333,2.18928756777902,2.44347826086955,2.22683691807396,3.29563364069698,4.13945957389487,5.05273415901778,4.2682874572603,3.48558191432031
1974.91666666667,2.9648050110826,3.13913043478261,3.051571114429,3.86781682034845,5.38042468680064,6.55834248274106,5.5293935269878,4.20190911938989
1975,3.73076555250722,3.61739130434782,3.87128932930694,4.33390841017425,6.24238952465961,7.71941116649014,6.39132032671899,4.5702958047786
1975.08333333333,4.19280377680876,3.80869565217396,4.52394537242976,4.30695420508713,6.54448560272504,8.29644495940022,6.67689745918927,4.32450715662563
1975.16666666667,4.32523557919762,3.71304347826087,4.88070448929472,3.93347710254357,6.73406058834842,8.70036861443728,6.84824373867147,4.50968912843123
1975.25,4.14454513742611,3.27826086956521,4.81571116021487,3.18673855127178,6.4613047240061,8.57597231582043,6.55105150636077,3.98921923553251
1975.33333333333,3.72798674255797,2.53913043478259,4.51658093365287,2.2933692756359,5.78661669054979,7.95318062107427,5.8464203775007,3.33036935215013
1975.41666666667,3.01692672845144,1.58260869565216,3.87482819455929,1.08668463781791,4.37895510597409,6.48865500618061,4.41311538439515,1.744961423028
1975.5,2.05126816064105,0.695652173913063,3.02417490362303,0.283342318908986,2.86580270871995,4.77777279004063,2.87944817800549,0.6465517027642
1975.58333333333,1.11964073844758,0.00869565217392174,2.04313463480993,0,1.66213127153674,3.28015523874276,1.66451101206646,0.0773436278526107
1975.66666666667,0.268651377160268,0,0.966563606154124,0,0.641129073646,1.93182295283423,0.640811870397808,0.0645035077965576
1975.75,0,0,0.222402651395044,0,0,0.795133209841116,0,0
1975.83333333333,0,0,0,0,0,0,0,0
1975.91666666667,0,0,0,0,0,0,0,0
1976,0,0,0,0,0,0,0,0
1976.08333333333,0,0,0,0,0,0,0,0
1976.16666666667,0,0,0,0,0,0,0,0
1976.25,0,0,0,0,0,0,0,0
1976.33333333333,0,0,0,0,0,0,0,0
1976.41666666667,0,0,0,0,0,0,0,0
1976.5,0,0,0,0.0442770550522553,0.00680847464736063,0,0.00688140443557519,0
1976.58333333333,0,0,0,0.0664155825784274,0.0108936884447287,0,0.0110102470969086,0
1976.66666666667,0.0468489240132245,0,0.0495763582803957,0.117484846341487,0.0550113300430339,0.0110164514241903,0.0555928158515871,0
1976.75,0.0702813247377914,0.0173913043478435,0.0743897476927306,0.0630194782230475,0,0,0,0.0199624057768904
1976.83333333333,0.0156139603324748,0,0.0165180000896053,0,0,0,0,0.0398146939777725
1976.91666666667,0,0,0,0,0,0,0,0.086760707295815
1977,0,0,0,0,0,0,0,0
1977.08333333333,0,0,0,0,0,0,0,0
1977.16666666667,0,0,0,0,0,0,0,0
1977.25,0,0,0,0,0,0,0,0
1977.33333333333,0,0,0,0,0,0,0,0
1977.41666666667,0,0,0,0,0,0,0,0
1977.5,0,0,0,0,0,0,0,0
1977.58333333333,0,0,0,0,0,0,0,0
1977.66666666667,0,0,0,0,0,0,0,0
1977.75,0,0,0,0,0,0,0,0
1977.83333333333,0,0,0,0,0,0,0,0
1977.91666666667,0,0,0,0,0,0,0,0
1978,0,0,0,0,0,0,0,0
1978.08333333333,0,0,0,0,0,0,0,0
1978.16666666667,0,0,0,0,0,0,0,0
1978.25,0,0,0,0,0,0,0,0
1978.33333333333,0,0,0,0,0,0,0,0
1978.41666666667,0,0,0,0,0,0,0,0
1978.5,0,0,0,0,0,0,0,0
1978.58333333333,0,0,0,0,0,0,0,0
1978.66666666667,0,0,0,0,0,0,0,0
1978.75,0,0,0,0,0,0,0,0
1978.83333333333,0,0,0,0,0,0,0,0
1978.91666666667,0,0,0,0,0,0,0,0
1979,0,0,0,0.0599906729573885,0.0229852391699349,0,0.0242459293371177,0
1979.08333333333,0.101579100719581,0,0.0958636619356283,0.133319771877227,0.0798757250467066,0,0.0855288579461103,0
1979.16666666667,0.0816570459259363,0.0623069776699473,0.0770713646750891,0.00493735404338835,0,0,0,0
1979.25,0,0.0257498012993289,0,0,0,0,0,0
1979.33333333333,0,0,0,0,0,0,0,0.0104625448778354
1979.41666666667,0,0,0,0,0,0,0,0.0183208136852094
1979.5,0,0,0,0,0,0,0,0.0393077399581326
1979.58333333333,0.138720914286831,0,0.131644383278919,0.297343239927361,0.294412534857904,0.284600556535849,0.310426428181336,0.129846439152086
1979.66666666667,0.0823639914867928,0.0173913043478435,0.203762901266098,0.0642963284936293,0.0705208739546657,0.0523648054753404,0.0743896414266917,0
1979.75,0,0,0,0,0,0,0,0.0286324502534925
1979.83333333333,0.0673621194575702,0.13043478260873,0.0654998748136771,0.531738272141569,0.494246441407054,0.488347339123253,0.521342546242008,0.227933533938475
1979.91666666667,0.217163091968903,0.252173913043489,0.211368621645312,0.867107667907829,0.891289671823384,0.937333333652328,0.939411231881915,0.770316566709623
1980,0.547253559485681,0.539130434782617,0.53382603606962,0.949387553452752,1.39033917158748,1.53019495839417,1.46393665379222,0.923789064725098
1980.08333333333,1.02117808388553,0.970643726685813,0.999332637575044,1.3061100125912,1.93128684336432,2.2023409528563,2.03128348588576,1.06764295299461
1980.16666666667,1.2851464017756,1.11393272260135,1.25994675624199,1.41327424523903,1.8527160186473,2.38473930949477,1.98807436204157,0.808709785969573
1980.25,1.83118717681118,1.77961505236118,1.89149785831513,2.70712008209535,3.1396802189021,3.89229866968052,3.37682610090764,2.56918721932335
1980.33333333333,2.50961296213509,2.86956521739133,2.51889740535767,3.76318572556857,4.82346038330791,5.9606579290185,5.20537173376494,3.67558192672696
1980.41666666667,3.30229929987391,3.23478260869565,3.20080214097222,3.84159286278427,5.46587173193813,6.78488281937094,5.69319527941452,3.29674858309947
1980.5,3.77537891406919,3.39130434782605,3.9279846193137,3.64079643139212,5.53373089398266,7.12798940213112,5.75275927291189,3.24606539386202
1980.58333333333,3.6459269519041,3.31304347826085,3.98949962169181,3.42039821569609,5.29360327135777,7.06816401006314,5.49376082690503,2.83093660894228
1980.66666666667,2.98678530642234,2.37391304347822,3.47557278682155,1.89019910784802,4.55898466597832,6.40485766418706,4.72783544351143,2.04463486152932
1980.75,2.58409785750012,1.31304347826088,2.86706407067099,0.46509955392402,4.01707774111579,5.83340036493098,4.16301705558058,1.9278374362961
1980.83333333333,1.6792645490566,0.260869565217411,2.32983041747496,0,2.25243367504965,3.91195168402311,2.32938918071675,0.123981160730733
1980.91666666667,0.742267082707353,0,1.54889501442657,0,0.825188997131297,2.18122332167329,0.850265087377446,0
1981,0.153496366655996,0,0.825123856041097,0.249881738727353,0.315858015947131,1.33399918231414,0.324634410565452,0
1981.08333333333,0,0,0.188390715069809,0.308049793659926,0.232109383422823,0.633799427619938,0.25422662028663,0
1981.16666666667,0,0,0,0.167388046827455,0.0971528551854364,0.165822010621303,0.106390157524368,0
1981.25,0.025097204502463,0,0.0226514914317794,0,0,0,0,0.0203451489596798
1981.33333333333,0.0341035935441781,0.256006398526612,0.0307789072201414,0.355188011422092,0.301960469581399,0.300810582876676,0.330550221890471,0.037839416780705
1981.41666666667,0.0577464673705563,0.255489779821985,0.0521110945964208,0.232598045132537,0.457871576477044,0.483338976168971,0.501333252842342,0.0948086830595675
1981.5,0,0.0861880977570431,0,0.127345939218992,0.114107774050455,0.123631929873873,0.124878376508489,0.147118205961225
1981.58333333333,0.120328111454201,0.119261315879051,0.108575482507586,0.233429269929708,0.192127858608979,0.188676100464992,0.210285972951538,0.0175853257343582
1981.66666666667,0.203811868451679,0.359547553757473,0.183833263662622,0.684074755641584,0.639699799934929,0.681116912291747,0.700599898802065,0.412806830557937
1981.75,0.534717909597088,0.739130434782576,0.481558967057144,1.22743744088099,1.54203184797452,1.73442893132972,1.60838550775778,1.31384761657294
1981.83333333333,1.04382166850403,1.11304347826087,1.13897028950758,1.59101868891036,1.9765955708977,2.37922868544753,2.01766288360205,1.57293480296672
1981.91666666667,1.45673240886612,1.55652173913045,1.54984241541621,2.0155093444552,2.43090462854213,2.92974579409902,2.47644507495966,1.82247262937294
1982,1.75394984060517,1.84347826086957,1.85752255967419,2.18775467222763,2.83229017634865,3.48653634158361,2.88214811178098,2.08156972001173
1982.08333333333,1.9584411403881,1.94782608695654,2.10084416962686,2.17387733611378,3.27701708572654,4.06914686767996,3.32928886706855,2.4539387945751
1982.16666666667,2.20319840372992,1.86956521739129,2.38152684486414,1.90693866805693,3.65111656595063,4.58411709309032,3.70283647813593,2.62224995720374
1982.25,2.34053096837182,1.79130434782604,2.63232318138581,1.99346933402844,3.77930501201051,4.83745339373461,3.82170188688153,2.52675051105315
1982.33333333333,2.2777995707251,1.63478260869565,2.80755187463082,1.8167346670142,3.48675188283973,4.62907451847136,3.51407376370791,1.9683844531258
1982.41666666667,2.23836144707902,1.62608695652177,2.76928181580874,1.96836733350709,3.56537522645865,4.74035216292999,3.58212846875106,2.31053891690325
1982.5,2.14502898551435,1.73043478260869,2.78243694471722,2.04418366675356,3.57754852457099,4.77538937119382,3.58085602861909,2.28018480784035
1982.58333333333,2.13647185598257,1.73043478260874,2.66155828455731,2.06209183337678,3.71422814893293,4.92848684554998,3.70640835401351,2.46779994465472
1982.66666666667,2.27109856262656,1.82608695652173,2.75322647315025,2.07104591668839,3.80378318644467,5.03565507759921,3.78173974925023,2.50730485247599
1982.75,2.23877328010793,1.78260869565217,2.79526259037129,1.9955229583442,3.669364630112,4.91781569717662,3.63746490218168,2.28484712338538
1982.83333333333,2.11695701747387,1.6173913043478,2.65958666583976,1.67776147917209,3.31498443067881,4.55675670230931,3.2772157834143,1.91115443020869
1982.91666666667,1.84100822663849,1.26956521739127,2.38209020326896,1.07888073958606,2.82303971705108,4.02544397733081,2.78738210162747,1.52895063488119
1983,1.41850276716128,0.817391304347823,1.92806320398666,0.539440369793009,2.14478513771276,3.26781078413155,2.11453452413439,0.835564589806282
1983.08333333333,0.963091830436981,0.286956521739128,1.46241536327212,0.00972018489653337,1.46049725214724,2.45889612032067,1.43714176711218,0.37409404479585
1983.16666666667,0.481953470095349,0,0.885541145361609,0,0.705960545156687,1.54979871279588,0.693864007635761,0.0921090146934385
1983.25,0,0,0.385832726031564,0,0,0.527716241814278,0,0.00709091326166354
1983.33333333333,0,0,0,0,0,0,0,0
1983.41666666667,0,0,0,0,0,0,0,0
1983.5,0,0,0,0,0,0,0,0
1983.58333333333,0,0,0,0,0,0,0,0
1983.66666666667,0,0,0,0,0,0,0,0
1983.75,0,0,0,0,0,0,0,0
1983.83333333333,0,0,0,0,0,0,0,0
1983.91666666667,0,0,0,0,0,0,0,0
1984,0,0,0,0,0,0,0,0
1984.08333333333,0,0,0,0,0,0,0,0
1984.16666666667,0,0,0,0,0,0,0,0
1984.25,0,0,0,0,0,0,0,0
1984.33333333333,0,0,0,0,0,0,0,0
1984.41666666667,0,0,0,0,0,0,0,0
1984.5,0,0,0,0,0,0,0,0
1984.58333333333,0,0,0,0.135930821784269,0,0,0,0
1984.66666666667,0,0,0,0,0,0,0,0
1984.75,0,0,0,0,0,0,0,0
1984.83333333333,0,0,0,0,0,0,0,0
1984.91666666667,0,0,0,0,0,0,0,0
1985,0,0,0,0.0842478381807954,0.0517453130039953,0,0.0532687023894956,0.0258222464549269
1985.08333333333,0,0,0,0,0,0,0,0.00577539086306829
1985.16666666667,0,0,0,0,0,0,0,0
1985.25,0.0251328583763409,0,0.0227444335559879,0.0482711283009696,0.0246938294507977,0,0.0269988219879721,0
1985.33333333333,0,0.00747525041683053,0,0,0,0,0,0
1985.41666666667,0,0,0,0,0,0,0,0.0403751114464137
1985.5,0.0459623456517338,0,0.0468147065681355,0.0506913724716007,0.0384100152521031,0.0160067321507735,0.039585094052371,0.174925563967427
1985.58333333333,0,0.0293462066280409,0,0,0,0,0,0
1985.66666666667,0,0,0,0,0,0,0,0
1985.75,0,0,0,0,0,0,0,0.0172002839220722
1985.83333333333,0,0,0,0,0,0,0,0
1985.91666666667,0,0,0,0,0,0,0,0.0229142454040278
1986,0,0,0,0,0,0,0,0.0258095743285416
1986.08333333333,0.031857842724698,0.0628467301847561,0.0290822424323761,0.392147184432057,0.420812405282788,0.450366122153481,0.433582790455753,0.0200969319164147
1986.16666666667,0.142601540360104,0.0689270366245911,0.130106205194544,0.520157697605761,0.572899808089438,0.634699394122925,0.590065705923822,0.125229582953505
1986.25,0.240630377583558,0.182588648695364,0.219439341965063,0.54416295419264,0.623254906175681,0.72087554164435,0.641850192046761,0.0764194285239266
1986.33333333333,0.467827330063909,0.34453962837599,0.477613870980871,0.512081477096338,0.796865306563466,0.931198844909315,0.820289304773151,0.120312748894458
1986.41666666667,0.367975454164239,0.252173913043489,0.375364582900138,0.0360407385481487,0.450555639270878,0.606996585766192,0.464194877672148,0.0993210557167377
1986.5,0.322038723094713,0.191304347826085,0.375364582900138,0.158000657073343,0.413692793181025,0.57489761003631,0.425885347655928,0.119403651703401
1986.58333333333,0.207096032721843,0.00869565217392174,0.312919968902153,0,0.289207088453365,0.445285469882603,0.297636471751423,0.098943822439949
1986.66666666667,0.0613520706601219,0,0.117354989867852,0.0439198558906284,0.00263755289156667,0.012870011372417,0.00287373745069381,0
1986.75,0,0,0.0263049231925497,0,0,0,0,0
1986.83333333333,0,0,0,0,0,0,0,0
1986.91666666667,0,0,0,0,0,0,0,0
1987,0,0,0,0,0,0,0,0.0635019108067785
1987.08333333333,0,0,0,0,0,0,0,0
1987.16666666667,0,0,0,0,0,0,0,0
1987.25,0,0,0,0,0,0,0,0
1987.33333333333,0,0,0,0,0,0,0,0
1987.41666666667,0,0,0,0,0,0,0,0
1987.5,0,0,0,0,0,0,0,0
1987.58333333333,0,0,0,0,0,0,0,0
1987.66666666667,0,0,0,0,0,0,0,0
1987.75,0,0,0,0,0,0,0,0
1987.83333333333,0,0,0,0,0,0,0,0
1987.91666666667,0,0,0,0,0,0,0,0
1988,0,0,0,0,0,0,0,0.0165982228385412
1988.08333333333,0,0,0,0,0,0,0,0
1988.16666666667,0,0,0,0,0,0,0,0.0193809329863928
1988.25,0,0,0,0,0,0,0,0.0277176784184707
1988.33333333333,0,0,0,0.0336236780885013,0,0,0,0.00832235208419401
1988.41666666667,0,0,0,0,0,0,0,0.0611305166870653
1988.5,0,0,0,0,0,0,0,0
1988.58333333333,0.0151849101138622,0,0.113197888574017,0.0646102734209286,0.0424308258911915,0.0145216449835641,0.0441137641109184,0
1988.66666666667,0,0,0,0.0550635128405474,0,0,0,0.019428971462528
1988.75,0,0,0,0,0,0,0,0
1988.83333333333,0,0,0,0,0,0,0,0.019436594658183
1988.91666666667,0,0,0,0,0,0,0,0.0222350848901875
1989,0.000342119365183259,0,0.000329075841972884,0.138087271535614,0.1012597863401,0.043963167202946,0.107419022039824,0.0886130792742381
1989.08333333333,0,0,0,0,0,0,0,0.0473897318239066
1989.16666666667,0,0,0,0,0,0,0,0.0782870253314262
1989.25,0,0,0,0.161022251035625,0.0844185671906501,0,0.0892592518249959,0
1989.33333333333,0,0,0,0.0986099881327362,0,0,0,0.0840808045624709
1989.41666666667,0.10459708294899,0,0.101346494675409,0.349835587435976,0.226136798389861,0.187945589828407,0.239162486133035,0.0928819850940386
1989.5,0.256795440609636,0.065258205004731,0.2485708858442,0.345551219162132,0.232529195220247,0.180331965645232,0.24592611683866,0.09896823232917
1989.58333333333,0.263730553954813,0.246444389394391,0.255272505246342,0.352387012676969,0.245295959066671,0.184621690486846,0.259434798053407,0.0681398691177756
1989.66666666667,0.378508195975316,0.318118606531767,0.366099632721944,0.403456468657382,0.398411192051985,0.344333298614163,0.421499530314579,0.429644857088851
1989.75,0.403442549654532,0.469997941508892,0.390154367960881,0.519844573324635,0.531527592967826,0.500647548529029,0.562473509261483,0.206513092248222
1989.83333333333,0.51996913299505,0.484237896404283,0.5024695096731,0.447052422706395,0.726530617295152,0.734305053552589,0.769115820921797,0.496707245049564
1989.91666666667,0.602903311439097,0.403792203375198,0.582305803795067,0.227049654101741,0.763016277081743,0.811036943962102,0.807796149426948,0.33408937363133
1990,0.466868061081933,0.156521739130447,0.617340717270963,0.25595721901146,0.579998526809032,0.707330677306756,0.614353247052788,0.067623013210949
1990.08333333333,0.347583333094025,0.263618403998066,0.482378904355202,0.18298973573212,0.450359669710299,0.600054065582611,0.476929828761136,0.193765780780971
1990.16666666667,0.228276921881617,0.10333752066624,0.226962629066851,0,0.272292408594959,0.422191059557938,0.288273335228763,0.0717945117577982
1990.25,0.153998404553225,0.0146359697279111,0.259271500566123,0.248991341395799,0.347256638893394,0.493954784897079,0.367903973410343,0.292038427138652
1990.33333333333,0.121242414124269,0.0122061758032489,0.140911790004485,0.265142284932418,0.25729069363588,0.383589632164592,0.27266551148597,0.175068181567009
1990.41666666667,0.000788985525554706,0,0.0861393220151298,0.0584217298643885,0.0614958908655787,0.0794501984946461,0.0651465152316131,0.0969742749752613
1990.5,0.194806152343278,0.186619182636458,0.187463739941882,0.469895814227961,0.455185635549677,0.492476480877008,0.482566024739605,0.482506806927568
1990.58333333333,0.414697737892982,0.586987289351437,0.398520367259942,1.07534103901257,1.08701544829617,1.20985364561906,1.15376318581577,0.935738990833052
1990.66666666667,0.783830311528177,0.972310583338084,0.751540275631111,1.42145908135567,1.75667135930757,2.02791957415262,1.86684125684718,1.43078048121513
1990.75,1.28143999569523,1.24347826086955,1.22494820772497,1.69072954067784,2.29064418508307,2.74508129788433,2.43666831228118,1.72724061643797
1990.83333333333,1.76279409181055,1.65217391304349,1.68100324111996,2.18536477033893,3.01802440383153,3.67851685331948,3.21532790135885,1.93686956763197
1990.91666666667,2.04273528104788,1.94782608695654,2.06713842592111,2.43268238516947,3.45472981102965,4.42529509681829,3.49823225205825,2.21006140132385
1991,2.35393889772483,2.21739130434782,2.41870224526845,2.65634119258471,3.89334729313195,4.9619922820585,3.93051829860333,2.74005938612725
1991.08333333333,2.61916930018607,2.38260869565214,2.8550873226826,2.68817059629241,4.34856953141917,5.53053745458379,4.37936361074096,2.61877237445939
1991.16666666667,2.68082522675744,2.29565217391302,3.10278418290072,2.48408529814617,4.44034529705691,5.73566193249434,4.45919711381298,2.66543809613263
1991.25,2.72786334515161,2.03478260869561,3.16661261345994,1.98204264907309,4.26889235110316,5.6435347813175,4.27551826828778,2.00929394072677
1991.33333333333,2.51351092436433,1.73043478260869,3.09527101048043,1.73102132453651,3.81196619631841,5.21476006120799,3.8074162241306,2.02118173964644
1991.41666666667,2.02149743549408,1.25217391304348,2.76191492831389,1.12551066226829,2.99131772369691,4.35747489998845,2.97918657658363,1.17711072143461
1991.5,1.66900273810894,0.869565217391305,2.26805376092902,0.822755331134095,2.68914788009253,3.95023242999194,2.67172247226593,1.28746768210985
1991.58333333333,1.27548205356027,0.643478260869581,1.91084251131087,0.63137766556709,2.17141017020622,3.32230555813717,2.15040190441221,0.924081957435602
1991.66666666667,0.927198724147211,0.38260869565217,1.47000465858807,0.45568883278353,1.62577917529111,2.6470424621246,1.60603061633154,0.543445335372958
1991.75,0.825542921621982,0.426086956521779,1.22721728153051,0.576971650592784,1.40571575392074,2.28150115205867,1.38467100137792,0.446214723631094
1991.83333333333,0.61054145602076,0.446091603747374,1.01141126675869,0.673281675204862,1.16596676605602,1.91847937786966,1.14659207451094,0.558912804581769
1991.91666666667,0.506636705218493,0.452173913043496,0.720351297606038,0.496961104097959,0.978726001880051,1.62150699308012,0.961639455232883,0.48745783174326
1992,0.628004085849978,0.539130434782617,0.742405548886409,0.588480552048942,1.23159376917923,1.77791203801324,1.20856262050816,0.962881527100186
1992.08333333333,0.5556806863658,0.460869565217369,0.688282861179861,0.474240276024496,0.975593360948455,1.48025271232358,0.956716519673328,0.49330971511061
1992.16666666667,0.402642168552298,0.182608695652163,0.534058891133422,0,0.499392522376884,0.950462612912222,0.489819385488182,0.124018277452268
1992.25,0.362544490384852,0.113043478260838,0.471484213712496,0.0718890344840517,0.471609580515196,0.8367524004671,0.462312683924505,0.363336214154211
1992.33333333333,0.0322308379149384,0,0.235300889629102,0,0.0467567592326928,0.35001239461271,0.0458086629862604,0.140973762522805
1992.41666666667,0,0,0,0.0179722586210129,0.00402224212003043,0.159294390514637,0.00393991424391992,0.172437845224952
1992.5,0.064468333366917,0,0.0726670729027181,0.0669583879315372,0.0494293095534117,0.111506073360222,0.0484091259481269,0.0895178716732293
1992.58333333333,0,0.0173913043477952,0,0,0,0,0,0.0703676239763615
1992.66666666667,0.064468333366917,0.0173913043477952,0.0726670729027181,0.112246532327642,0.110911647284902,0.100895365061082,0.108640495160894,0.0400285110909603
1992.75,0.0483462615728945,0.0347826086956387,0.0544834337818352,0,0.0484905572633525,0.0429506920324174,0.0475090027837597,0.0140591278211039
1992.83333333333,0,0,0,0,0,0,0,0.0183495431762055
1992.91666666667,0,0,0,0,0,0,0,0
1993,0,0,0,0,0,0,0,0
1993.08333333333,0,0,0,0,0,0,0,0
1993.16666666667,0,0,0,0,0,0,0,0
1993.25,0,0,0,0,0,0,0,0
1993.33333333333,0,0,0,0,0,0,0,0
1993.41666666667,0,0,0,0,0,0,0,0
1993.5,0,0,0,0,0,0,0,0
1993.58333333333,0,0,0,0,0,0,0,0
1993.66666666667,0,0,0,0,0,0,0,0
1993.75,0,0,0,0,0,0,0,0
1993.83333333333,0,0,0,0,0,0,0,0
1993.91666666667,0,0,0,0,0,0,0,0
1994,0,0,0,0,0,0,0,0
1994.08333333333,0,0,0,0,0,0,0,0
1994.16666666667,0,0,0,0,0,0,0,0
1994.25,0,0,0,0,0,0,0,0
1994.33333333333,0,0,0,0,0,0,0,0
1994.41666666667,0,0,0,0,0,0,0,0
1994.5,0,0,0,0,0,0,0,0
1994.58333333333,0,0,0,0,0,0,0,0
1994.66666666667,0,0,0,0,0,0,0,0
1994.75,0,0,0,0,0,0,0,0
1994.83333333333,0,0,0,0,0,0,0,0
1994.91666666667,0,0,0,0,0,0,0,0
1995,0,0,0,0,0,0,0,0
1995.08333333333,0,0,0,0,0,0,0,0
1995.16666666667,0,0,0,0,0,0,0,0
1995.25,0.210467151897604,0.130434782608681,0.203442295262659,0.320189913028734,0.253093198177752,0.151208328438528,0.256244915704909,0
1995.33333333333,0.249544363667001,0.286955030676251,0.238597149479597,0.636252508489932,0.582262652278774,0.460298509817325,0.619766881059656,0.0955917190173454
1995.41666666667,0.389455493294043,0.324499910040079,0.372054599951298,0.642212740651393,0.603499307801203,0.463768095807266,0.64239615486838,0.148878787361633
1995.5,0.570024500333351,0.539748821313198,0.564495043287805,0.526049060865752,0.716080309983384,0.592205351816636,0.724030806321371,0.527680487756729
1995.58333333333,0.509745365517055,0.582608695652177,0.486616419309741,0.283024530432874,0.596187699230019,0.613128136179943,0.602839536424371,0.182830424296047
1995.66666666667,0.43712882580143,0.286956521739128,0.489365254297468,0.125664609349929,0.545045557608411,0.592948144989479,0.551177406065198,0.302660456460966
1995.75,0.241881126318214,0,0.313072674458818,0,0.243783407205133,0.327069210351622,0.24649591732335,0.0268366672237693
1995.83333333333,0.155520320939227,0,0.338433749319654,0.0301691314204877,0.00653698220920018,0,0.00696279322175361,0.0374759342061351
1995.91666666667,0,0,0.00824694714745846,0,0,0,0,0
1996,0,0,0,0.152743125446797,0.111953776587426,0.0647841293367955,0.113324114033981,0.00500792532488593
1996.08333333333,0,0,0,0,0,0,0,0.0247765152698001
1996.16666666667,0,0,0,0,0,0,0,0
1996.25,0,0,0,0.0597260042903169,0.0340040815419676,0.00389947872682571,0.0361848051291364,0.012392516599914
1996.33333333333,0,0,0,0.0801029147089238,0.0450220470106767,0,0.0479103284944353,0.140424433799
1996.41666666667,0,0,0,0,0,0,0,0
1996.5,0,0,0,0.072552033346085,0.0219488038963631,0,0.0233184648358952,0.0994665098634279
1996.58333333333,0,0,0,0,0,0,0,0.0311971113628894
1996.66666666667,0,0,0,0,0,0,0,0
1996.75,0,0,0,0,0,0,0,0.0342898299066826
1996.83333333333,0,0,0,0,0,0,0,0
1996.91666666667,0,0,0,0,0,0,0,0
1997,0,0,0,0.00892465973501011,0,0,0,0.00618033947823942
1997.08333333333,0,0,0,0,0,0,0,0
1997.16666666667,0,0,0,0,0,0,0,0.00449533023067556
1997.25,0,0,0,0,0,0,0,0
1997.33333333333,0,0,0,0,0,0,0,0
1997.41666666667,0,0,0,0,0,0,0,0
1997.5,0,0,0,0,0,0,0,0
1997.58333333333,0,0,0,0,0,0,0,0
1997.66666666667,0,0,0,0,0,0,0,0
1997.75,0,0,0,0,0,0,0,0
1997.83333333333,0,0,0,0,0,0,0,0
1997.91666666667,0,0,0,0.0363921182198634,0,0,0,0
1998,0,0,0,0,0,0,0,0
1998.08333333333,0,0,0,0,0,0,0,0
1998.16666666667,0.0308591794271587,0,0.031879491376941,0,0,0,0,0
1998.25,0,0,0,0,0,0,0,0
1998.33333333333,0,0,0,0,0,0,0,0
1998.41666666667,0,0,0,0.10991034641008,0.0786806527820195,0,0.0819756362196707,0.0235354666966077
1998.5,0,0,0,0.144865519615101,0.122161210392291,0.0513794682293384,0.125181211785461,0
1998.58333333333,0.0693071356721278,0,0.0713390150273269,0.0423431062176238,0.0186698453571896,0,0.0191364581214019,0
1998.66666666667,0.208044580909296,0.173913043478242,0.21439777626425,0.324797824902934,0.23284861003575,0.0765064273957775,0.242682124286826,0.0528273005324283
1998.75,0.254488343845042,0.3162165340354,0.253574332324826,0.348069209220281,0.263280717596346,0.0995618800795192,0.274417749312735,0.0529708650514419
1998.83333333333,0.147738450417576,0.219540349035562,0.147323193899709,0,0.0120647539465831,0,0.0125681537025004,0.0209718327459394
1998.91666666667,0.0412554663749256,0.0473111471010551,0.04117182462732,0,0,0,0,0.0265396979912063
1999,0,0,0,0,0,0,0,0
1999.08333333333,0,0,0,0,0,0,0,0
1999.16666666667,0,0,0,0,0,0,0,0
1999.25,0,0,0,0.0964802287482858,0.0444885680127448,0,0.0461569734372683,0
1999.33333333333,0,0,0,0,0,0,0,0
1999.41666666667,0,0,0,0.0792152731976081,0.0406862257979952,0,0.0421647160466893,0.0232533051007665
1999.5,0.116076202136088,0,0.116945321229237,0.218223645581617,0.166013367014289,0.0923445638236922,0.172095899132824,0
1999.58333333333,0.0142566775309167,0.0161030147098316,0.014374727884337,0.0200506887272134,0,0,0,0.0436287813353722
1999.66666666667,0.0674891373985748,0,0.0680199573016571,0.0197464498516098,0,0,0,0.0992504350511631
1999.75,0,0,0,0,0,0,0,0.00878149450202049
1999.83333333333,0,0,0,0,0,0,0,0.00585651585999831
1999.91666666667,0,0,0,0,0,0,0,0.00585826694879079
2000,0,0,0,0,0,0,0,0
2000.08333333333,0,0,0,0,0,0,0,0
2000.16666666667,0,0,0,0,0,0,0,0
2000.25,0,0,0,0,0,0,0,0
2000.33333333333,0.0243023052372375,0.00967088562202526,0.0247823761010772,0.195736128134127,0.145862481820321,0.0792569849084046,0.150181426959001,0.0143959866418673
2000.41666666667,0,0,0,0.132010435782348,0.0681860046426165,0,0.0701915921672452,0.0288229694706975
2000.5,0.0109335606903491,0,0.0111671938219873,0.252531585011617,0.177336922709373,0.0809091717964997,0.182601896981821,0.0399488811023202
2000.58333333333,0.21588467452179,0.0712546210914477,0.22012911066825,0.448171575650891,0.38104464255278,0.282594966366194,0.392552728317496,0.37835512671421
2000.66666666667,0.14157320403527,0.164573822263507,0.144443948447915,0.22580144958626,0.176248808538179,0.0807141782247341,0.181480994082901,0.119551722979406
2000.75,0.0780375643562654,0.02223180939077,0.0796612904674101,0,0,0,0,0.105575661632101
2000.83333333333,0.00528403425543228,0.00598970749974571,0.00539719614299825,0.00616042570604769,0,0,0,0.425423441229175
2000.91666666667,0,0,0,0,0,0,0,0.0801955288167609
2001,0.185383517483404,0.0708619646872449,0.189472928907665,0.501008473122111,0.499487586560734,0.500218984427758,0.514355765339992,0.606191161183421
2001.08333333333,0.45888234591941,0.32338420331428,0.467960127197483,0.460672495376047,0.898106576695822,0.954974247110123,0.925736075783407,0.56201479488723
2001.16666666667,0.555321405338896,0.502621720290856,0.717852982008068,0.547431381230723,0.886125333519801,1.33665613959246,0.90475785189515,0.203644190227916
2001.25,0.659041506536371,0.470559088385684,0.765622783935671,0.759971637233381,1.36513661168649,1.82047483819907,1.39154518126125,1.20183563618744
2001.33333333333,0.875503559089768,0.703720520659141,0.945353537817328,1.08546764576753,1.76403076417572,2.10825737385004,1.82206044869258,1.32884553077049
2001.41666666667,1.10015333959796,1.02879265150267,1.3709984913604,1.42555302456646,2.07243634148858,2.63375723876921,2.10355249823,1.46301565019002
2001.5,1.45748299245528,1.31692374614465,1.57613855148548,1.40331282468447,2.31455778920196,2.94555900750908,2.34472835263543,1.60565997592268
2001.58333333333,1.4842004416943,1.51201051379938,1.71521027293728,1.83791487712859,2.41369096371262,3.0482193706496,2.4439121510992,1.41454425418113
2001.66666666667,1.7744585678935,1.66941928294989,1.92916474409095,1.96338564142988,3.14504581339229,3.91159949567217,3.17757550821021,2.04872081482077
2001.75,1.96640863099093,1.70545623737219,2.10581278735295,1.77112477043599,3.38421836413313,4.27252640941273,3.41403265048337,2.34173395110857
2001.83333333333,2.15441441419747,1.62733356332072,2.49253519883543,1.91891729065787,3.60336973423722,4.59116100396934,3.62073504596202,2.48420707733279
2001.91666666667,2.29494898767197,1.61164091432056,2.72945067709587,1.7990176902396,3.43721601708739,4.50836616044511,3.44428302107423,2.14029530926231
2002,2.0524298047017,1.63413105129978,2.68089880680688,1.99566436303766,3.18772957428918,4.29403709624568,3.18478251264999,1.88247125416102
2002.08333333333,1.87100564770384,1.49742490655503,2.46168174021854,1.47283999832695,2.92749195793502,4.03142413374255,2.91847472367329,1.72007711033335
2002.16666666667,1.85736232311667,1.43703457601652,2.21175984303064,1.63087714436476,3.29563653837102,4.37655187848012,3.27836692459306,2.14782406389216
2002.25,1.61891048732536,1.13657790405238,2.14053230102654,0.963947271575671,2.61671814508428,3.70406507859609,2.59626244887792,1.16704806097855
2002.33333333333,1.54183493264866,0.852310181333833,1.92513785086168,0.92431339145298,2.48899285804746,3.51551451905257,2.46423925855446,1.17082467178479
2002.41666666667,1.3097509526196,0.792089009862901,1.85593781047134,0.791381142247349,1.88807839459034,2.85240975118347,1.86322385196447,0.617710673508897
2002.5,0.939496334488816,0.577846115569262,1.47410631185246,0.625632406719312,1.6900617856975,2.55314868157243,1.66463367822544,0.250421550291609
2002.58333333333,0.602517340771177,0.239755999804877,1.08953802855828,0.270961375295942,1.17186242310797,2.28782641871531,1.24925729306394,0.171331814851714
2002.66666666667,0.257948543227718,0,0.484558700968862,0,0.682548642465612,1.72414141968304,0.72777857304605,0.0496638593618309
2002.75,0.0519415334915902,0,0.189368348544222,0.00231926606635291,0.348368534395485,1.14072247826851,0.371651619818225,0.0376792438842033
2002.83333333333,0.0592401050951707,0.0680439895616314,0.105528561313797,0.204367911692849,0.299676036113739,0.654050770291792,0.32007236188394,0.0344391084189747
2002.91666666667,0.228714861751319,0.10892166384526,0.21680333922604,0,0.411053873686167,0.802874357112809,0.402712443079784,0.039973264711008
2003,0.316653953478882,0.170652638816674,0.335083273536702,0.442849785788901,0.612573423228653,0.765255949210032,0.654625465987473,0.170914233297662
2003.08333333333,0.231373494913386,0.183932449684302,0.281832295655508,0.296772311096793,0.429663325588593,0.743195378869307,0.419833502897269,0.0293572262057839
2003.16666666667,0.281963771273652,0.236386223982293,0.434511643834552,0.51158460415861,0.595968615527234,0.785877258949424,0.581606532627422,0.384249073588065
2003.25,0.530887536806338,0.482384711412009,0.523019848572096,0.651783492428848,0.947826054523992,1.17419717418132,0.92367321715832,0.925099350737689
2003.33333333333,0.571547595741517,0.6131708803123,0.651753188136309,0.716800814158836,1.14135206519582,1.31198575833761,1.11133867195587,0.585429166619066
2003.41666666667,0.668177884313318,0.503466173267628,0.762955285482727,0.489865719293814,1.01102373203114,1.24705094223037,0.984962785357652,0.63310991392429
2003.5,0.584367592292621,0.486669802168682,0.666489100833445,0.2539061496587,0.7645911497314,1.03516689107741,0.745627392466174,0.4015827520318
2003.58333333333,0.519335921999314,0.393483600070212,0.741590979122731,0.478421331091194,0.871643583686821,1.08192215652455,0.847244584341863,0.503815799669368
2003.66666666667,0.47411832647384,0.135169910746966,0.541838822661133,0.37608701467855,0.838636734478765,1.09296777623328,0.815273483452701,0.480118311445565
2003.75,0.428175035888767,0.147961523342496,0.484329212453581,0,0.730656182569577,0.989047312849005,0.70920466360147,0.192219101052259
2003.83333333333,0.216396726368738,0,0.25993377981069,0,0.099969780561194,0.425618874356611,0.107132252997276,0
2003.91666666667,0,0,0,0,0,0,0,0
2004,0,0,0,0,0,0,0,0
2004.08333333333,0,0,0,0,0,0,0,0
2004.16666666667,0,0,0,0,0,0,0,0
2004.25,0,0,0,0,0,0,0,0
2004.33333333333,0,0,0,0,0,0,0,0
2004.41666666667,0,0,0,0,0,0,0,0
2004.5,0,0,0,0,0,0,0,0.0021146167951865
2004.58333333333,0,0,0,0,0,0,0,0
2004.66666666667,0,0,0,0,0,0,0,0
2004.75,0,0,0,0,0,0,0,0
2004.83333333333,0,0,0,0,0,0,0,0
2004.91666666667,0,0,0,0,0,0,0,0.0147483677803829
2005,0,0,0,0,0,0,0,0
2005.08333333333,0,0,0,0.0897018323399834,0.0456894834698639,0,0.0450408453754237,0
2005.16666666667,0,0,0,0,0,0,0,0
2005.25,0,0,0,0,0,0,0,0
2005.33333333333,0,0,0,0,0,0,0,0
2005.41666666667,0,0,0,0,0,0,0,0.0397776129859522
2005.5,0,0,0,0,0,0,0,0
2005.58333333333,0,0,0,0,0,0,0,0
2005.66666666667,0,0,0,0,0,0,0,0
2005.75,0,0,0,0,0,0,0,0
2005.83333333333,0,0,0,0.0859213971360795,0.046173329215144,0,0.04589901803596,0
2005.91666666667,0.00800563550794485,0,0.00875420881740223,0,0,0,0,0
2006,0,0,0,0,0,0,0,0
2006.08333333333,0,0,0,0,0,0,0,0
2006.16666666667,0,0,0,0,0,0,0,0
2006.25,0,0,0,0,0,0,0,0
2006.33333333333,0,0,0,0,0,0,0,0
2006.41666666667,0,0,0,0,0,0,0,0
2006.5,0,0,0,0.178804882089123,0.140854033207442,0.000518840808808437,0.141142002700703,0
2006.58333333333,0.00413984714755758,0,0.00409412880230162,0.136292435055196,0.0978258419894164,0.00353269614101442,0.10234559696106,0
2006.66666666667,0,0,0,0,0,0,0,0
2006.75,0,0,0,0,0,0,0,0
2006.83333333333,0,0,0,0,0,0,0,0.0397099241050568
2006.91666666667,0,0,0,0,0,0,0,0.0415919989378658
2007,0.0926800838050548,0,0.0996719540753368,0.182776434144216,0.159591796839586,0.0959889942385241,0.159958814058252,0.00573851345408993
2007.08333333333,0.0944044343192334,0,0.101567582400309,0.0152741029189052,0,0,0,0
2007.16666666667,0.0260888084963421,0,0.0525121519388893,0.00573623870687712,0,0,0,0
2007.25,0,0,0,0,0,0,0,0
2007.33333333333,0,0,0,0,0,0,0,0.0322098396782828
2007.41666666667,0.0244577131740778,0,0.02439767837444,0.206605567986307,0.191266039912819,0.172371946489352,0.199259604288033,0.0140570923408504
2007.5,0,0,0,0.142533379520415,0.109764401592465,0.0422590161123068,0.110318618800006,0.0667298617215767
2007.58333333333,0.192604440106948,0.0522186242789208,0.206622461565046,0.376970949851652,0.342510313402818,0.26166182849904,0.34399427214329,0.00210086944359607
2007.66666666667,0.277716219073613,0.306074485852186,0.298190246523064,0.588076356303358,0.580940471570975,0.515836605690577,0.583027686555703,0.406311740988572
2007.75,0.282509062969499,0.336022141266944,0.30335146066371,0.403762037585942,0.569293670728369,0.535901475700199,0.571359690547551,0.18476739588216
2007.83333333333,0.409471624797171,0.361549901682091,0.44026073513477,0.429415626450158,0.611214323226565,0.599815518774114,0.613352638692818,0.597191938934532
2007.91666666667,0.402906959956459,0.445162709874926,0.43317281754702,0.432498665563852,0.516366051097781,0.591856594972359,0.51797320423433,0.297348607852108
2008,0.413264306844802,0.243546118266515,0.444356169436114,0.336399653701136,0.669171239993187,0.762434915566601,0.670933597904114,0.383730471884718
2008.08333333333,0.434967421316854,0.173464046275008,0.46779805040272,0.117671607921022,0.636154951956812,0.75479739238287,0.637896299622123,0.535125343609357
2008.16666666667,0.426671912544011,0.371117303229425,0.667309431541252,0.551261674312054,0.86634108544148,1.02107530196801,0.866810746945203,0.790788654778502
2008.25,0.555924409717375,0.466582002871385,0.693731290630059,0.807611941017461,0.98692161216866,1.17674362555759,0.985640254597715,0.707978452422011
2008.33333333333,0.817041772378167,0.805351551544931,0.892777886196101,1.21081709525064,1.47689675478591,1.72780421062549,1.47260591082335,1.43002769368783
2008.41666666667,0.928621884992086,1.0072986554486,1.1425731566048,1.11929046512911,1.51120525658388,1.84324682876459,1.50622841235892,1.09871253862579
2008.5,1.16861015347484,1.24491448670482,1.27795502745976,1.5947761951411,2.04918178565831,2.44533377976879,2.03853381898509,1.82254847919546
2008.58333333333,1.41698430341617,1.32310324180422,1.56556713192419,1.50920333816078,2.38000901596264,2.84601499596931,2.36303573544597,1.87414618186255
2008.66666666667,1.58632293034611,1.29458651630542,1.76791475563077,1.49602432517488,2.75269732570765,3.34213923179529,2.72949730874299,2.25413714678899
2008.75,1.91584593731002,1.55751839155649,2.32392142319922,1.81982546482176,3.15232707095239,3.83919396939103,3.11108442734269,2.52740577281404
2008.83333333333,1.94097630463825,1.56111881923732,2.39715939742326,1.97673064282684,3.10137933251002,3.89564747951876,3.05366566084282,2.22975371748283
2008.91666666667,1.94749812401198,1.59102148841193,2.47654580196929,1.76895670110531,2.99480882300301,3.85370736560023,2.9391859101281,2.12583168047276
2009,1.9903761957136,1.60279381550286,2.50357865721399,1.65297735895629,3.25601981526733,4.14997541439469,3.19041144913955,2.73057914417521
2009.08333333333,2.00320280147991,1.66416186982611,2.54305016964554,2.03685685647752,3.4927122376079,4.42154574645034,3.40420345820211,2.92672180282844
2009.16666666667,2.01227620946042,1.39301543721708,2.5921915468935,1.46290536874321,3.32851481378359,4.30834463670054,3.23449938008579,2.49057468731104
2009.25,2.19243548698412,1.5264643107597,2.74468921138273,1.81897647321136,3.60930022212787,4.59487558886251,3.49203161432586,3.14372262110521
2009.33333333333,2.142161271376,1.71937804717528,3.08843585703933,2.12168883876527,3.49005706290953,4.49635877439474,3.35270964022171,2.70347282588216
2009.41666666667,2.00653884785648,1.53447047810941,2.63509741132576,1.84592518753051,3.2748360142701,4.29658179266799,3.14059624787226,2.47447813976349
2009.5,1.93378207793702,1.47312290865856,2.60610878248257,1.22634012453275,3.0015592615653,4.01286965882272,2.87198397015292,2.14099936591108
2009.58333333333,1.82180845357315,1.35825899922366,2.49386715937716,1.43650685940591,3.11903142663634,4.08102614900675,2.97289167539928,2.54402436803931
2009.66666666667,1.53796879863988,0.935688900609432,2.13799394744471,0.958542805049722,2.43834927673979,3.39638250284903,2.31393141082699,1.22615922497227
2009.75,1.29571777154533,0.47770818178402,1.87504787482859,0.254722301347332,1.99873784611533,2.89375094384068,1.89558443848556,1.1628241626792
2009.83333333333,0.972123143858836,0.418812297387808,1.6194357469512,0.273415255343368,1.37374725329684,2.18946331965492,1.29831397716367,0.475717240542887
2009.91666666667,0.349986381386922,0.06020916780992,0.984098545725586,0.107271716978286,0.487877499245903,1.20756189251392,0.459628804724627,0.0992084007794824
2010,0.117397868453513,0,0.269211496718198,0,0.235393861959213,0.790428188694696,0.221874693016395,0.0598649918449847
2010.08333333333,0,0,0,0,0,0.0693744089560625,0,0.0769638263003901
2010.16666666667,0,0,0,0.0198255006854442,0,0,0,0.0549892796668505
2010.25,0,0,0,0.0278855561570701,0,0,0,0.030904607078688
2010.33333333333,0,0,0,0,0,0,0,0
2010.41666666667,0,0,0,0,0,0,0,0
2010.5,0,0,0,0,0,0,0,0
2010.58333333333,0,0,0,0,0,0,0,0
2010.66666666667,0,0,0,0,0,0,0,0
2010.75,0.018406266722806,0,0.0158012791647473,0,0,0,0,0
2010.83333333333,0,0,0,0,0,0,0,0
2010.91666666667,0,0,0,0,0,0,0,0
2011,0,0,0,0,0,0,0,0
2011.08333333333,0,0,0,0,0,0,0,0
2011.16666666667,0,0,0,0,0,0,0,0
2011.25,0,0,0,0,0,0,0,0
2011.33333333333,0,0,0,0,0,0,0,0
2011.41666666667,0,0,0,0.0710407952863701,0.0549706118619437,0,0.0530668002250346,0.00966305128802247
2011.5,0,0,0,0,0,0,0,0
2011.58333333333,0,0,0,0,0,0,0,0
2011.66666666667,0,0,0,0.0837962327175923,0.0542451222073369,0.00285253438354298,0.0606069429227351,0.0061025992377475
2011.75,0,0,0,0,0,0,0,0
2011.83333333333,0,0,0,0,0,0,0,0
2011.91666666667,0,0,0,0,0,0,0,0
2012,0,0,0,0,0,0,0,0
2012.08333333333,0,0,0,0,0,0,0,0
2012.16666666667,0,0,0,0,0,0,0,0.00694398936294958
2012.25,0,0,0,0,0,0,0,0
2012.33333333333,0,0,0,0,0,0,0,0.000722071825677418
2012.41666666667,0,0,0,0,0,0,0,0
2012.5,0,0,0,0,0,0,0,0
2012.58333333333,0,0,0,0,0,0,0,0.00953336378112851
2012.66666666667,0,0,0,0,0,0,0,0.0252731267080438
2012.75,0,0,0,0,0,0,0,0
2012.83333333333,0,0,0,0,0,0,0,0.0503621521374089
2012.91666666667,0,0,0,0.099142812375419,0.0986306711454116,0,0.0968398791517958,0
2013,0.0437452370226509,0,0.0490153226934131,0,0,0,0,0
2013.08333333333,0.0194080637280831,0,0.0217396056244125,0,0,0,0,0
2013.16666666667,0,0,0,0,0,0,0,0
2013.25,0,0,0,0,0,0,0,0
2013.33333333333,0,0,0,0,0,0,0,0
2013.41666666667,0,0,0,0,0,0,0,0
2013.5,0,0,0,0,0,0,0,0
2013.58333333333,0,0,0,0,0,0,0,0.0178016841321855
2013.66666666667,0,0,0,0,0,0,0,0
2013.75,0,0,0,0,0,0,0,0
2013.83333333333,0,0,0,0,0,0,0,0
2013.91666666667,0,0,0,0,0,0,0,0
2014,0,0,0,0,0,0,0,0.00293647549673734
2014.08333333333,0,0,0,0,0,0,0,0.0043483718214437
2014.16666666667,0,0,0,0,0,0,0,0
2014.25,0,0,0,0,0,0,0,0
2014.33333333333,0,0,0,0,0,0,0,0
2014.41666666667,0,0,0,0,0,0,0,0
2014.5,0,0,0,0,0,0,0,0
2014.58333333333,0,0,0,0,0,0,0,0
2014.66666666667,0,0,0,0,0,0,0,0
2014.75,0,0,0,0,0,0,0,0
2014.83333333333,0,0,0,0,0,0,0,0
2014.91666666667,0,0,0,0,0,0,0,0
2015,0,0,0,0,0,0,0,0
2015.08333333333,0,0,0,0,0,0,0,0
2015.16666666667,0,0,0,0,0,0,0,0
2015.25,0,0,0,0,0,0,0,0.0344751085208866
2015.33333333333,0,0,0,0,0,0,0,0
2015.41666666667,0,0,0,0,0,0,0,0
2015.5,0,0,0,0,0,0,0,0
2015.58333333333,0,0,0,0,0,0,0,0
2015.66666666667,0,0,0,0,0,0,0,0
2015.75,0,0,0,0,0,0,0,0
2015.83333333333,0,0,0,0.00223729398793893,0,0,0,0
2015.91666666667,0,0,0,0,0,0,0,0
2016,0,0,0,0,0,0,0,0
2016.08333333333,0,0,0,0,0,0,0,0
2016.16666666667,0,0,0,0.188563263534069,0.147113683924632,0.0711161038621392,0.150269531298381,0.0681726830185451
2016.25,0,0,0,0,0,0,0,0.0063775031931865
2016.33333333333,0.0294611873159489,0,0.0304598461645232,0.0839090451469016,0.0338934728211021,0,0.0356415618307208,0
2016.41666666667,0.0620427579915983,0.0458917765531004,0.0606815496975853,0,0,0,0,0.0095493156092832
2016.5,0,0,0,0,0,0,0,0.00146626963638664
2016.58333333333,0,0,0,0.0643942273860443,0.031025725106908,0,0.0325873507087565,0.0158325759958617
2016.66666666667,0.120572953328038,0,0.11825412592674,0.298934155318209,0.252312542003398,0.20203043265697,0.26513219717519,0.366894243326304
2016.75,0.137482490208877,0.0650709596133168,0.134822897363948,0.237212707147183,0.213675115037637,0.160089707698731,0.224513954917995,0
2016.83333333333,0.0889711392444919,0,0.0872789181483036,0,0,0,0,0.103271257998706
2016.91666666667,0,0,0,0,0,0,0,0
2017,0,0,0,0,0,0,0,0
2017.08333333333,0,0,0,0,0,0,0,0.0278228128508035
2017.16666666667,0,0,0,0,0,0,0,0.0112873826817461
2017.25,0,0,0,0,0,0,0,0
2017.33333333333,0,0,0,0,0,0,0,0
2017.41666666667,0,0,0,0,0,0,0,0
2017.5,0,0,0,0,0,0,0,0
2017.58333333333,0,0,0,0,0,0,0,0
2017.66666666667,0,0,0,0,0,0,0,0
2017.75,0,0,0,0,0,0,0,0
2017.83333333333,0,0,0,0,0,0,0,0
2017.91666666667,0,0,0,0,0,0,0,0
2018,0,0,0,0,0,0,0,0
2018.08333333333,0,0,0,0,0,0,0,0
2018.16666666667,0,0,0,0,0,0,0,0
2018.25,0,0,0,0,0,0,0,0
2018.33333333333,0,0,0,0,0,0,0,0
2018.41666666667,0,0,0,0,0,0,0,0
2018.5,0,0,0,0,0,0,0,0
2018.58333333333,0,0,0,0,0,0,0,0
2018.66666666667,0,0,0,0,0,0,0,0
2018.75,0,0,0,0,0,0,0,0
2018.83333333333,0,0,0,0,0,0,0,0
2018.91666666667,0,0,0,0,0,0,0,0.0252922573957321
2019,0,0,0,0,0,0,0,0
2019.08333333333,0,0,0,0,0,0,0,0
2019.16666666667,0.111931717446821,0.191504849290743,0.111169728570292,0.163068380465425,0.179852403086867,0.137260273119143,0.184343546496078,0.030114572159845
2019.25,0.062757313900905,0.0708162685537977,0.0646858889468984,0,0,0,0,0
2019.33333333333,0,0,0,0,0,0,0,0.0245200513069804
2019.41666666667,0,0,0,0,0,0,0,0.0073685576317015
2019.5,0,0,0,0.0786486285975663,0.0426838061774583,0,0.0436071165113134,0.070096014592649
2019.58333333333,0,0,0,0,0,0,0,0.0814293444942758
2019.66666666667,0,0,0,0,0,0,0,0.063029001525636
2019.75,0,0,0,0,0,0,0,0.00127636105108476
2019.83333333333,0,0,0,0,0,0,0,0.0191801212081005
2019.91666666667,0,0,0,0,0,0,0,0.079366416141011
2020,0.0500161853660666,0,0.0522173301653077,0.0153575758314428,0.000785312964698456,0,0.000799689769141085,0.106810273939526
2020.08333333333,0,0,0,0,0,0,0,0.0184539435563118
2020.16666666667,0.570459744726816,0.461174156659245,0.695204636408507,0.482287465412101,0.602036969029812,0.910093915185864,0.625002448377411,0.277271134891646
2020.25,0.812582456625114,0.847265345176077,0.89004639269432,1.48041821817939,1.61783427245138,1.928510003413,1.67559889672483,4.63064727405024
2020.33333333333,1.63398550632444,1.75544540006219,1.72923387059918,3.2779035065376,3.9942819739618,4.50589300591164,4.11305951242601,6.0102460790977
2020.41666666667,2.27011322946049,2.21192263851485,2.31724358500633,3.13324227188554,4.20169018489661,5.05323013382947,4.32436960869481,4.1054420400781
2020.5,2.53563477507142,2.608794312771,2.68773254067555,2.4532199320491,3.24547036351517,4.29734841306872,3.34137421935256,2.37026155544718
2020.58333333333,2.08179916664486,2.22834504759602,2.36157432750511,1.64150224529691,2.25798628036445,3.21769704061146,2.32835002402647,1.03025189526043
2020.66666666667,1.23100797339711,0.914513853186981,1.25320903942942,0,1.87769646176637,2.82202739850999,1.93800925256034,1.71716324066567
2020.75,0.707830183860114,0,0.830323508516084,0,1.58793614329853,2.48020724524718,1.64009112981504,1.12468639770118
2020.83333333333,0.0846039912221701,0,0.402799036061266,0,0,0.749549757552465,0,0
2020.91666666667,0,0,0,0,0,0,0,0
2021,0,0,0,0,0,0,0,0
2021.08333333333,0,0,0,0,0,0,0,0
2021.16666666667,0,0,0,0,0,0,0,0
2021.25,0,0,0,0,0,0,0,0
2021.33333333333,0,0,0,0,0,0,0,0
2021.41666666667,0,0,0,0,0,0,0,0
2021.5,0,0,0,0,0,0,0,0
2021.58333333333,0,0,0,0,0,0,0,0
2021.66666666667,0,0,0,0,0,0,0,0
2021.75,0,0,0,0,0,0,0,0
2021.83333333333,0,0,0,0,0,0,0,0
2021.91666666667,0,0,0,0,0,0,0,0
2022,0,0,0,0,0,0,0,0
2022.08333333333,0,0,0,0,0,0,0,0
2022.16666666667,0,0,0,0,0,0,0,0
2022.25,0,0,0,0,0,0,0,0
2022.33333333333,0,0,0,0,0,0,0,0
2022.41666666667,0,0,0,0,0,0,0,0
2022.5,0,0,0,0,0,0,0,0
2022.58333333333,0,0,0,0.0145824520136006,0,0,0,0
2022.66666666667,0,0,0,0,0,0,0,0.158788828374044
2022.75,0,0,0,0.134589836375287,0.0985291097774541,0,0.100372111438283,0.123265015857502
2022.83333333333,0.0754617728593803,0,0.0787043597610948,0.185067607078615,0.140253577902129,0,0.14289311779147,0.238327425220452
2022.91666666667,0,0,0,0,0,0,0,0.185809403499363
2023,0,0,0,0,0,0,0,0.105108761809716
2023.08333333333,0,0.056562162115523,0,0.157244865986517,0.131470386194609,0.0791172423866441,0.133737306678398,0.328153054639809
2023.16666666667,0,0,0,0.0756514668621477,0.0445736514341231,0,0.0453314463510461,0.272340914765097
2023.25,0,0,0,0,0,0,0,0.10173619431623
2023.33333333333,0.144237631566766,0.134419466325289,0.150878065080412,0.323676476003554,0.313562935161629,0.288388370756858,0.3189186252116,0.211270324840992
2023.41666666667,0.13273488675061,0.226777642664641,0.138860324192181,0.326339953219312,0.336940550637414,0.319715843730219,0.342717420563851,0.194243792542502
2023.5,0.162986765145836,0.191027972187334,0.170461244197649,0.275099854856808,0.296605844922337,0.285318106629002,0.301657922016845,0.361087692873586
2023.58333333333,0.39270039999664,0.401567407404993,0.409856553847478,0.655728916656262,0.692107315409642,0.696506595280279,0.704652866026238,1.11998246933981
2023.66666666667,0.487179933278082,0.54655062608474,0.508033129005323,0.895755646050223,0.980236742713554,1.03760160715148,0.998778462425815,0.682993859214085
2023.75,0.714851957006651,0.676966971206329,0.743943883094971,0.926611601434235,1.34422841731173,1.47559216425833,1.37098271031173,0.955537978090374
2023.83333333333,0.851234896333085,0.807843826880121,0.884815012610724,0.791274356556038,1.26588851583367,1.4732764649488,1.29081562746579,0.889172127201521
2023.91666666667,0.738291444901969,0.796258842049398,0.905230265335569,0.827612364986718,1.02926694632994,1.29777304473507,1.05053811981477,0.535355473356369
2024,0.664167988650494,0.454879684263088,0.689874416141624,0.271260295096454,0.865758995130631,1.16690188346924,0.883269513375245,0.395848035350754
2024.08333333333,0.629912317954654,0.344185738443463,0.685739715802558,0.3111912294254,1.14604261488621,1.46938403604913,1.17008642084655,0.953144003629866
2024.16666666667,0.515489080819344,0.217988213342112,0.773084823786246,0.441080319567666,0.940230902008351,1.29258715132879,0.961438278144503,0.270804424416824
2024.25,0.492682719945058,0.207133980373019,0.607517016947173,0.512648649838887,0.756597227481818,1.10593090758298,0.774454449212291,0.434464702632013
2024.33333333333,0.480109053816137,0.365927753591532,0.73036646117009,0.727580511582726,0.820866594005092,0.991363622975725,0.84116705947195,0.498972615454581
2024.41666666667,0.569663735500825,0.639238263755979,0.666124936632138,1.08010400700143,1.21942102311287,1.46396106811346,1.25083934050938,1.01300376385517
2024.5,0.836086425247511,0.945874137844353,0.857382619928605,1.25607697422057,1.74375899181086,2.09442451174483,1.79103100727154,1.36850023299551
2024.58333333333,1.09011505351159,1.1045160775571,1.11555548418621,1.28299956111375,2.01704567752761,2.49297741578717,2.07312487813606,1.53699882637633
2024.66666666667,1.1944041698048,1.14229538322041,1.22124312454577,1.09361786198514,1.68473815889876,2.24251516365142,1.73257904031367,0.740680104867953
2024.75,1.12706299800358,0.953800615541651,1.2697768903528,0.917446220586848,1.56337619163848,2.14918060228957,1.60880214897907,0.917087232997462
2024.83333333333,1.06648721494359,0.776720135979171,1.16205831472879,0.767462978019573,1.68639164684031,2.28972477397536,1.73680247768339,0.827788910919589
2024.91666666667,0.76659520563924,0.368706062877306,1.00239351817437,0,1.14907398522926,1.88431813575164,1.20259710227806,0.0372724138124984
2025,0.538357851372092,0.02037095645357,0.719915031785928,0,0.634167483467192,1.17888829477338,0.653516194829211,0.0839075203257581
2025.08333333333,0.167666517488711,0.0295955388145805,0.548276344310269,0.134765702382689,0.222839924806424,0.660210729712753,0.229993571437767,0
2025.16666666667,0,0,0.21509615332247,0.227233551861827,0.206347834790479,0.366784724549683,0.21307573074865,0.0188873014395815
2025.25,0.0778434258288879,0.015441682419645,0.0789570868818865,0.344070127500151,0.334235509824341,0.463999350712571,0.345238323068898,0.337202157616974
2025.33333333333,0.255822423087329,0.153544760179751,0.259117138562917,0.51646514309267,0.526916798821421,0.592729395296199,0.544511381380324,0.029742404406156
2025.41666666667,0.238859564640117,0.230276080677788,0.241968163376273,0.348545528691213,0.383898994510535,0.479068513951868,0.396583508790694,0
2025.5,0.312024317297698,0.324563998601349,0.315903147755727,0.391134975569818,0.564010822759249,0.679486207505861,0.58289516046005,0.537656411326254
2025.58333333333,0.416031512817512,0.473873370181648,0.420860140272919,0.538979042419641,0.826110088434855,0.982243959098961,0.854297247986241,0.529113296924227
