Year,Mean recession probability,Recession probability from classifier 1,Recession probability from classifier 2,Recession probability from classifier 3,Recession probability from classifier 4,Recession probability from classifier 5,Recession probability from classifier 6,Recession probability from classifier 7,Recession probability from classifier 8,Recession probability from classifier 9,Recession probability from classifier 10,Recession probability from classifier 11
1929.25,0,0,0,0,0,0,0,0,0,0,0,0
1929.33333333333,0,0,0,0,0,0,0,0,0,0,0,0
1929.41666666667,0,0,0,0,0,0,0,0,0,0,0,0
1929.5,0,0,0,0,0,0,0,0,0,0,0,0
1929.58333333333,0,0,0,0,0,0,0,0,0,0,0,0
1929.66666666667,0,0,0,0,0,0,0,0,0,0,0,0
1929.75,0,0,0,0,0,0,0,0,0,0,0,0
1929.83333333333,0,0,0,0,0,0,0,0,0,0,0,0
1929.91666666667,0,0,0,0,0,0,0,0,0,0,0,0
1930,0,0,0,0,0,0,0,0,0,0,0,0
1930.08333333333,0.859894657382083,0.972897517129403,0.969843451293268,0.9098428106609,0.899502872058444,0.884131455804445,0.868223761358516,0.832240817952331,0.811620441094172,0.797027882312513,0.764721839530905,0.748788382008016
1930.16666666667,0.942088751328157,0.994451334971036,0.993394282988789,0.973250465132973,0.968554564346287,0.96049611575777,0.95323374365547,0.932945115899336,0.921350396474854,0.911565690513293,0.883401924767856,0.87033263010206
1930.25,0.979977358064775,0.999194872918048,0.998956412209158,0.994164739963249,0.9926807357713,0.989749462862007,0.987326340661277,0.978979934350981,0.97408503639105,0.969248860491693,0.95181954485498,0.943544998238784
1930.33333333333,0.994164368453508,0.999917873348261,0.99988203100189,0.999074133183893,0.998746265303234,0.997996595020742,0.997405696223846,0.994887927852972,0.993335835609595,0.991559160314639,0.983551976526019,0.979450558603499
1930.41666666667,0.998555538548963,0.999994144258129,0.999990510685649,0.999893936628358,0.999843126421972,0.999707204037136,0.999601884921205,0.999042757608168,0.99867298532026,0.998185221458061,0.995392076952108,0.993787075747542
1930.5,0.999695201124421,0.999999709329246,0.999999458983007,0.999991273271651,0.999985736358305,0.999968164783197,0.999954444189448,0.999862735302701,0.999796523991278,0.999696077637981,0.998945839595056,0.99844724892676
1930.58333333333,0.999945254580971,0.99999998998481,0.999999978201035,0.999999486216627,0.999999061117434,0.999997434440067,0.999996127891784,0.999984985861792,0.999976072580128,0.999960513772393,0.999803786753682,0.999680363570926
1930.66666666667,0.999991680698773,0.999999999761001,0.999999999380609,0.999999978414977,0.999999955384537,0.999999847175769,0.9999997562305,0.999998750946006,0.999997848610268,0.99999603202659,0.999970367349919,0.999945952406328
1930.75,0.99999893918288,0.999999999996056,0.99999999998761,0.999999999354247,0.999999998472633,0.999999993285186,0.999999988657626,0.999999921142111,0.999999852429904,0.999999692286651,0.999996376619045,0.999992508780606
1930.83333333333,0.999999887420626,0.999999999999955,0.999999999999826,0.999999999986265,0.999999999962392,0.999999999782724,0.999999999610594,0.999999996228132,0.999999992291371,0.999999981616846,0.999999641867494,0.999999150281286
1930.91666666667,0.999999990122439,1,0.999999999999998,0.999999999999793,0.999999999999335,0.999999999994829,0.999999999990148,0.999999999863498,0.999999999693758,0.999999999155117,0.999999971424401,0.999999921225953
1931,0.999999999286881,1,1,0.999999999999998,0.999999999999992,0.99999999999991,0.999999999999816,0.999999999996266,0.999999999990758,0.99999999997016,0.999999998161272,0.999999994037523
1931.08333333333,0.999999999957764,1,1,1,1,0.999999999999999,0.999999999999997,0.999999999999923,0.999999999999788,0.999999999999191,0.999999999904667,0.999999999631836
1931.16666666667,0.999999999997952,1,1,1,1,1,1,0.999999999999999,0.999999999999996,0.999999999999983,0.99999999999602,0.999999999981468
1931.25,0.999999999999919,1,1,1,1,1,1,1,1,1,0.999999999999866,0.99999999999924
1931.33333333333,0.636363636363634,0,1,0,0,0,1,1,1,1,0.999999999999996,0.999999999999975
1931.41666666667,0.636363636363636,0,1,0,0,0,1,1,1,1,1,0.999999999999999
1931.5,0.636363636363636,0,1,0,0,0,1,1,1,1,1,1
1931.58333333333,0.636363636363636,0,1,0,0,0,1,1,1,1,1,1
1931.66666666667,0.636363636363636,0,1,0,0,0,1,1,1,1,1,1
1931.75,0.636363636363636,0,1,0,0,0,1,1,1,1,1,1
1931.83333333333,0.636363636363636,0,1,0,0,0,1,1,1,1,1,1
1931.91666666667,0.636363636363636,0,1,0,0,0,1,1,1,1,1,1
1932,0.636363636363636,0,1,0,0,0,1,1,1,1,1,1
1932.08333333333,0.636363636363636,0,1,0,0,0,1,1,1,1,1,1
1932.16666666667,0.636363636363636,0,1,0,0,0,1,1,1,1,1,1
1932.25,0.636363636363636,0,1,0,0,0,1,1,1,1,1,1
1932.33333333333,0.636363636363636,0,1,0,0,0,1,1,1,1,1,1
1932.41666666667,0.636363636363636,0,1,0,0,0,1,1,1,1,1,1
1932.5,0.636363636363636,0,1,0,0,0,1,1,1,1,1,1
1932.58333333333,0.636363636363636,0,1,0,0,0,1,1,1,1,1,1
1932.66666666667,0.636363636363636,0,1,0,0,0,1,1,1,1,1,1
1932.75,0.636363636363636,0,1,0,0,0,1,1,1,1,1,1
1932.83333333333,0.636363636363636,0,1,0,0,0,1,1,1,1,1,1
1932.91666666667,0.636363636363636,0,1,0,0,0,1,1,1,1,1,1
1933,0.636363636363636,0,1,0,0,0,1,1,1,1,1,1
1933.08333333333,0.636363636363636,0,1,0,0,0,1,1,1,1,1,1
1933.16666666667,0.545454545454545,0,0,0,0,0,1,1,1,1,1,1
1933.25,0.181818181818182,0,0,0,0,0,1,1,0,0,0,0
1933.33333333333,0.0909090909090909,0,0,0,0,0,1,0,0,0,0,0
1933.41666666667,0,0,0,0,0,0,0,0,0,0,0,0
1933.5,0,0,0,0,0,0,0,0,0,0,0,0
1933.58333333333,0,0,0,0,0,0,0,0,0,0,0,0
1933.66666666667,0,0,0,0,0,0,0,0,0,0,0,0
1933.75,0,0,0,0,0,0,0,0,0,0,0,0
1933.83333333333,0,0,0,0,0,0,0,0,0,0,0,0
1933.91666666667,0,0,0,0,0,0,0,0,0,0,0,0
1934,0,0,0,0,0,0,0,0,0,0,0,0
1934.08333333333,0,0,0,0,0,0,0,0,0,0,0,0
1934.16666666667,0,0,0,0,0,0,0,0,0,0,0,0
1934.25,0,0,0,0,0,0,0,0,0,0,0,0
1934.33333333333,0,0,0,0,0,0,0,0,0,0,0,0
1934.41666666667,0,0,0,0,0,0,0,0,0,0,0,0
1934.5,0,0,0,0,0,0,0,0,0,0,0,0
1934.58333333333,0,0,0,0,0,0,0,0,0,0,0,0
1934.66666666667,0,0,0,0,0,0,0,0,0,0,0,0
1934.75,0,0,0,0,0,0,0,0,0,0,0,0
1934.83333333333,0,0,0,0,0,0,0,0,0,0,0,0
1934.91666666667,0,0,0,0,0,0,0,0,0,0,0,0
1935,0,0,0,0,0,0,0,0,0,0,0,0
1935.08333333333,0,0,0,0,0,0,0,0,0,0,0,0
1935.16666666667,0,0,0,0,0,0,0,0,0,0,0,0
1935.25,0,0,0,0,0,0,0,0,0,0,0,0
1935.33333333333,0,0,0,0,0,0,0,0,0,0,0,0
1935.41666666667,0,0,0,0,0,0,0,0,0,0,0,0
1935.5,0,0,0,0,0,0,0,0,0,0,0,0
1935.58333333333,0,0,0,0,0,0,0,0,0,0,0,0
1935.66666666667,0,0,0,0,0,0,0,0,0,0,0,0
1935.75,0,0,0,0,0,0,0,0,0,0,0,0
1935.83333333333,0,0,0,0,0,0,0,0,0,0,0,0
1935.91666666667,0,0,0,0,0,0,0,0,0,0,0,0
1936,0,0,0,0,0,0,0,0,0,0,0,0
1936.08333333333,0,0,0,0,0,0,0,0,0,0,0,0
1936.16666666667,0,0,0,0,0,0,0,0,0,0,0,0
1936.25,0,0,0,0,0,0,0,0,0,0,0,0
1936.33333333333,0,0,0,0,0,0,0,0,0,0,0,0
1936.41666666667,0,0,0,0,0,0,0,0,0,0,0,0
1936.5,0,0,0,0,0,0,0,0,0,0,0,0
1936.58333333333,0,0,0,0,0,0,0,0,0,0,0,0
1936.66666666667,0,0,0,0,0,0,0,0,0,0,0,0
1936.75,0,0,0,0,0,0,0,0,0,0,0,0
1936.83333333333,0,0,0,0,0,0,0,0,0,0,0,0
1936.91666666667,0,0,0,0,0,0,0,0,0,0,0,0
1937,0,0,0,0,0,0,0,0,0,0,0,0
1937.08333333333,0,0,0,0,0,0,0,0,0,0,0,0
1937.16666666667,0,0,0,0,0,0,0,0,0,0,0,0
1937.25,0,0,0,0,0,0,0,0,0,0,0,0
1937.33333333333,0,0,0,0,0,0,0,0,0,0,0,0
1937.41666666667,0,0,0,0,0,0,0,0,0,0,0,0
1937.5,0,0,0,0,0,0,0,0,0,0,0,0
1937.58333333333,0,0,0,0,0,0,0,0,0,0,0,0
1937.66666666667,0,0,0,0,0,0,0,0,0,0,0,0
1937.75,0.291419180080902,0,0,0,0,0,0,0.832240817952331,0.811620441094172,0.797027882312513,0.764721839530905,0
1937.83333333333,0.811781441894448,0,0.969843451293268,0.9098428106609,0.899502872058444,0.884131455804445,0.868223761358516,0.932945115899336,0.921350396474854,0.911565690513293,0.883401924767856,0.748788382008016
1937.91666666667,0.960572063200132,0.972897517129403,0.993394282988789,0.973250465132973,0.968554564346287,0.96049611575777,0.95323374365547,0.978979934350981,0.97408503639105,0.969248860491693,0.95181954485498,0.87033263010206
1938,0.987655356816367,0.994451334971036,0.998956412209158,0.994164739963249,0.9926807357713,0.989749462862007,0.987326340661277,0.994887927852972,0.993335835609595,0.991559160314639,0.983551976526019,0.943544998238784
1938.08333333333,0.996640290326705,0.999194872918048,0.99988203100189,0.999074133183893,0.998746265303234,0.997996595020742,0.997405696223846,0.999042757608168,0.99867298532026,0.998185221458061,0.995392076952108,0.979450558603499
1938.16666666667,0.999185708028831,0.999917873348261,0.999990510685649,0.999893936628358,0.999843126421972,0.999707204037136,0.999601884921205,0.999862735302701,0.999796523991278,0.999696077637981,0.998945839595056,0.993787075747542
1938.25,0.999824166339863,0.999994144258129,0.999999458983007,0.999991273271651,0.999985736358305,0.999968164783197,0.999954444189448,0.999984985861792,0.999976072580128,0.999960513772393,0.999803786753682,0.99844724892676
1938.33333333333,0.999966832699991,0.999999709329246,0.999999978201035,0.999999486216627,0.999999061117434,0.999997434440067,0.999996127891784,0.999998750946006,0.999997848610268,0.99999603202659,0.999970367349919,0.999680363570926
1938.41666666667,0.99999466558684,0.99999998998481,0.999999999380609,0.999999978414977,0.999999955384537,0.999999847175769,0.9999997562305,0.999999921142111,0.999999852429904,0.999999692286651,0.999996376619045,0.999945952406328
1938.5,0.999999281845705,0.999999999761001,0.99999999998761,0.999999999354247,0.999999998472633,0.999999993285186,0.999999988657626,0.999999996228132,0.999999992291371,0.999999981616846,0.999999641867494,0.999992508780606
1938.58333333333,0.999999919977811,0.999999999996056,0.999999999999826,0.999999999986265,0.999999999962392,0.999999999782724,0.999999999610594,0.999999999863498,0.999999999693758,0.999999999155117,0.999999971424401,0.999999150281286
1938.66666666667,0.727272719939501,0.999999999999955,0.999999999999998,0,0,0,0.999999999990148,0.999999999996266,0.999999999990758,0.99999999997016,0.999999998161272,0.999999921225953
1938.75,0.63636363581281,0,1,0,0,0,0.999999999999816,0.999999999999923,0.999999999999788,0.999999999999191,0.999999999904667,0.999999994037523
1938.83333333333,0.27272727269344,0,0,0,0,0,0,0,0,0.999999999999983,0.99999999999602,0.999999999631836
1938.91666666667,0,0,0,0,0,0,0,0,0,0,0,0
1939,0,0,0,0,0,0,0,0,0,0,0,0
1939.08333333333,0,0,0,0,0,0,0,0,0,0,0,0
1939.16666666667,0,0,0,0,0,0,0,0,0,0,0,0
1939.25,0,0,0,0,0,0,0,0,0,0,0,0
1939.33333333333,0,0,0,0,0,0,0,0,0,0,0,0
1939.41666666667,0,0,0,0,0,0,0,0,0,0,0,0
1939.5,0,0,0,0,0,0,0,0,0,0,0,0
1939.58333333333,0,0,0,0,0,0,0,0,0,0,0,0
1939.66666666667,0,0,0,0,0,0,0,0,0,0,0,0
1939.75,0,0,0,0,0,0,0,0,0,0,0,0
1939.83333333333,0,0,0,0,0,0,0,0,0,0,0,0
1939.91666666667,0,0,0,0,0,0,0,0,0,0,0,0
1940,0,0,0,0,0,0,0,0,0,0,0,0
1940.08333333333,0,0,0,0,0,0,0,0,0,0,0,0
1940.16666666667,0,0,0,0,0,0,0,0,0,0,0,0
1940.25,0,0,0,0,0,0,0,0,0,0,0,0
1940.33333333333,0,0,0,0,0,0,0,0,0,0,0,0
1940.41666666667,0,0,0,0,0,0,0,0,0,0,0,0
1940.5,0,0,0,0,0,0,0,0,0,0,0,0
1940.58333333333,0,0,0,0,0,0,0,0,0,0,0,0
1940.66666666667,0,0,0,0,0,0,0,0,0,0,0,0
1940.75,0,0,0,0,0,0,0,0,0,0,0,0
1940.83333333333,0,0,0,0,0,0,0,0,0,0,0,0
1940.91666666667,0,0,0,0,0,0,0,0,0,0,0,0
1941,0,0,0,0,0,0,0,0,0,0,0,0
1941.08333333333,0,0,0,0,0,0,0,0,0,0,0,0
1941.16666666667,0,0,0,0,0,0,0,0,0,0,0,0
1941.25,0,0,0,0,0,0,0,0,0,0,0,0
1941.33333333333,0,0,0,0,0,0,0,0,0,0,0,0
1941.41666666667,0,0,0,0,0,0,0,0,0,0,0,0
1941.5,0,0,0,0,0,0,0,0,0,0,0,0
1941.58333333333,0,0,0,0,0,0,0,0,0,0,0,0
1941.66666666667,0,0,0,0,0,0,0,0,0,0,0,0
1941.75,0,0,0,0,0,0,0,0,0,0,0,0
1941.83333333333,0,0,0,0,0,0,0,0,0,0,0,0
1941.91666666667,0,0,0,0,0,0,0,0,0,0,0,0
1942,0,0,0,0,0,0,0,0,0,0,0,0
1942.08333333333,0,0,0,0,0,0,0,0,0,0,0,0
1942.16666666667,0,0,0,0,0,0,0,0,0,0,0,0
1942.25,0,0,0,0,0,0,0,0,0,0,0,0
1942.33333333333,0,0,0,0,0,0,0,0,0,0,0,0
1942.41666666667,0,0,0,0,0,0,0,0,0,0,0,0
1942.5,0,0,0,0,0,0,0,0,0,0,0,0
1942.58333333333,0,0,0,0,0,0,0,0,0,0,0,0
1942.66666666667,0,0,0,0,0,0,0,0,0,0,0,0
1942.75,0,0,0,0,0,0,0,0,0,0,0,0
1942.83333333333,0,0,0,0,0,0,0,0,0,0,0,0
1942.91666666667,0,0,0,0,0,0,0,0,0,0,0,0
1943,0,0,0,0,0,0,0,0,0,0,0,0
1943.08333333333,0,0,0,0,0,0,0,0,0,0,0,0
1943.16666666667,0,0,0,0,0,0,0,0,0,0,0,0
1943.25,0,0,0,0,0,0,0,0,0,0,0,0
1943.33333333333,0,0,0,0,0,0,0,0,0,0,0,0
1943.41666666667,0,0,0,0,0,0,0,0,0,0,0,0
1943.5,0,0,0,0,0,0,0,0,0,0,0,0
1943.58333333333,0,0,0,0,0,0,0,0,0,0,0,0
1943.66666666667,0,0,0,0,0,0,0,0,0,0,0,0
1943.75,0,0,0,0,0,0,0,0,0,0,0,0
1943.83333333333,0,0,0,0,0,0,0,0,0,0,0,0
1943.91666666667,0,0,0,0,0,0,0,0,0,0,0,0
1944,0,0,0,0,0,0,0,0,0,0,0,0
1944.08333333333,0,0,0,0,0,0,0,0,0,0,0,0
1944.16666666667,0,0,0,0,0,0,0,0,0,0,0,0
1944.25,0,0,0,0,0,0,0,0,0,0,0,0
1944.33333333333,0,0,0,0,0,0,0,0,0,0,0,0
1944.41666666667,0,0,0,0,0,0,0,0,0,0,0,0
1944.5,0,0,0,0,0,0,0,0,0,0,0,0
1944.58333333333,0,0,0,0,0,0,0,0,0,0,0,0
1944.66666666667,0,0,0,0,0,0,0,0,0,0,0,0
1944.75,0,0,0,0,0,0,0,0,0,0,0,0
1944.83333333333,0,0,0,0,0,0,0,0,0,0,0,0
1944.91666666667,0,0,0,0,0,0,0,0,0,0,0,0
1945,0,0,0,0,0,0,0,0,0,0,0,0
1945.08333333333,0,0,0,0,0,0,0,0,0,0,0,0
1945.16666666667,0,0,0,0,0,0,0,0,0,0,0,0
1945.25,0,0,0,0,0,0,0,0,0,0,0,0
1945.33333333333,0,0,0,0,0,0,0,0,0,0,0,0
1945.41666666667,0,0,0,0,0,0,0,0,0,0,0,0
1945.5,0,0,0,0,0,0,0,0,0,0,0,0
1945.58333333333,0.683281842070931,0,0,0.9098428106609,0.899502872058444,0.884131455804445,0.868223761358516,0.832240817952331,0.811620441094172,0.797027882312513,0.764721839530905,0.748788382008016
1945.66666666667,0.937988328642961,0.972897517129403,0.969843451293268,0.973250465132973,0.968554564346287,0.96049611575777,0.95323374365547,0.932945115899336,0.921350396474854,0.911565690513293,0.883401924767856,0.87033263010206
1945.75,0.979040479231377,0.994451334971036,0.993394282988789,0.994164739963249,0.9926807357713,0.989749462862007,0.987326340661277,0.978979934350981,0.97408503639105,0.969248860491693,0.95181954485498,0.943544998238784
1945.83333333333,0.994014493978695,0.999194872918048,0.998956412209158,0.999074133183893,0.998746265303234,0.997996595020742,0.997405696223846,0.994887927852972,0.993335835609595,0.991559160314639,0.983551976526019,0.979450558603499
1945.91666666667,0.998538743040451,0.999917873348261,0.99988203100189,0.999893936628358,0.999843126421972,0.999707204037136,0.999601884921205,0.999042757608168,0.99867298532026,0.998185221458061,0.995392076952108,0.993787075747542
1946,0.999693881727287,0.999994144258129,0.999990510685649,0.999991273271651,0.999985736358305,0.999968164783197,0.999954444189448,0.999862735302701,0.999796523991278,0.999696077637981,0.998945839595056,0.99844724892676
1946.08333333333,0.99994518186519,0.999999709329246,0.999999458983007,0.999999486216627,0.999999061117434,0.999997434440067,0.999996127891784,0.999984985861792,0.999976072580128,0.999960513772393,0.999803786753682,0.999680363570926
1946.16666666667,0.999991677884613,0.99999998998481,0.999999978201035,0.999999978414977,0.999999955384537,0.999999847175769,0.9999997562305,0.999998750946006,0.999997848610268,0.99999603202659,0.999970367349919,0.999945952406328
1946.25,0.999998939106329,0.999999999761001,0.999999999380609,0.999999999354247,0.999999998472633,0.999999993285186,0.999999988657626,0.999999921142111,0.999999852429904,0.999999692286651,0.999996376619045,0.999992508780606
1946.33333333333,0.999999887419161,0.999999999996056,0.99999999998761,0.999999999986265,0.999999999962392,0.999999999782724,0.999999999610594,0.999999996228132,0.999999992291371,0.999999981616846,0.999999641867494,0.999999150281286
1946.41666666667,0.999999990122419,0.999999999999955,0.999999999999826,0.999999999999793,0.999999999999335,0.999999999994829,0.999999999990148,0.999999999863498,0.999999999693758,0.999999999155117,0.999999971424401,0.999999921225953
1946.5,0.999999999286881,1,0.999999999999998,0.999999999999998,0.999999999999992,0.99999999999991,0.999999999999816,0.999999999996266,0.999999999990758,0.99999999997016,0.999999998161272,0.999999994037523
1946.58333333333,0.999999999957764,1,1,1,1,0.999999999999999,0.999999999999997,0.999999999999923,0.999999999999788,0.999999999999191,0.999999999904667,0.999999999631836
1946.66666666667,0.999999999997952,1,1,1,1,1,1,0.999999999999999,0.999999999999996,0.999999999999983,0.99999999999602,0.999999999981468
1946.75,0.999999999999919,1,1,1,1,1,1,1,1,1,0.999999999999866,0.99999999999924
1946.83333333333,0.999999999999997,1,1,1,1,1,1,1,1,1,0.999999999999996,0.999999999999975
1946.91666666667,1,1,1,1,1,1,1,1,1,1,1,0.999999999999999
1947,1,1,1,1,1,1,1,1,1,1,1,1
1947.08333333333,1,1,1,1,1,1,1,1,1,1,1,1
1947.16666666667,1,1,1,1,1,1,1,1,1,1,1,1
1947.25,1,1,1,1,1,1,1,1,1,1,1,1
1947.33333333333,1,1,1,1,1,1,1,1,1,1,1,1
1947.41666666667,1,1,1,1,1,1,1,1,1,1,1,1
1947.5,1,1,1,1,1,1,1,1,1,1,1,1
1947.58333333333,1,1,1,1,1,1,1,1,1,1,1,1
1947.66666666667,0.727272727272727,1,1,0,0,0,1,1,1,1,1,1
1947.75,0.727272727272727,1,1,0,0,0,1,1,1,1,1,1
1947.83333333333,0.636363636363636,0,1,0,0,0,1,1,1,1,1,1
1947.91666666667,0.454545454545455,0,1,0,0,0,1,0,0,1,1,1
1948,0,0,0,0,0,0,0,0,0,0,0,0
1948.08333333333,0,0,0,0,0,0,0,0,0,0,0,0
1948.16666666667,0,0,0,0,0,0,0,0,0,0,0,0
1948.25,0,0,0,0,0,0,0,0,0,0,0,0
1948.33333333333,0,0,0,0,0,0,0,0,0,0,0,0
1948.41666666667,0,0,0,0,0,0,0,0,0,0,0,0
1948.5,0,0,0,0,0,0,0,0,0,0,0,0
1948.58333333333,0,0,0,0,0,0,0,0,0,0,0,0
1948.66666666667,0,0,0,0,0,0,0,0,0,0,0,0
1948.75,0,0,0,0,0,0,0,0,0,0,0,0
1948.83333333333,0,0,0,0,0,0,0,0,0,0,0,0
1948.91666666667,0,0,0,0,0,0,0,0,0,0,0,0
1949,0.683281842070931,0,0,0.9098428106609,0.899502872058444,0.884131455804445,0.868223761358516,0.832240817952331,0.811620441094172,0.797027882312513,0.764721839530905,0.748788382008016
1949.08333333333,0.937988328642961,0.972897517129403,0.969843451293268,0.973250465132973,0.968554564346287,0.96049611575777,0.95323374365547,0.932945115899336,0.921350396474854,0.911565690513293,0.883401924767856,0.87033263010206
1949.16666666667,0.979040479231377,0.994451334971036,0.993394282988789,0.994164739963249,0.9926807357713,0.989749462862007,0.987326340661277,0.978979934350981,0.97408503639105,0.969248860491693,0.95181954485498,0.943544998238784
1949.25,0.994014493978695,0.999194872918048,0.998956412209158,0.999074133183893,0.998746265303234,0.997996595020742,0.997405696223846,0.994887927852972,0.993335835609595,0.991559160314639,0.983551976526019,0.979450558603499
1949.33333333333,0.998538743040451,0.999917873348261,0.99988203100189,0.999893936628358,0.999843126421972,0.999707204037136,0.999601884921205,0.999042757608168,0.99867298532026,0.998185221458061,0.995392076952108,0.993787075747542
1949.41666666667,0.999693881727287,0.999994144258129,0.999990510685649,0.999991273271651,0.999985736358305,0.999968164783197,0.999954444189448,0.999862735302701,0.999796523991278,0.999696077637981,0.998945839595056,0.99844724892676
1949.5,0.99994518186519,0.999999709329246,0.999999458983007,0.999999486216627,0.999999061117434,0.999997434440067,0.999996127891784,0.999984985861792,0.999976072580128,0.999960513772393,0.999803786753682,0.999680363570926
1949.58333333333,0.999991677884613,0.99999998998481,0.999999978201035,0.999999978414977,0.999999955384537,0.999999847175769,0.9999997562305,0.999998750946006,0.999997848610268,0.99999603202659,0.999970367349919,0.999945952406328
1949.66666666667,0.999998939106329,0.999999999761001,0.999999999380609,0.999999999354247,0.999999998472633,0.999999993285186,0.999999988657626,0.999999921142111,0.999999852429904,0.999999692286651,0.999996376619045,0.999992508780606
1949.75,0.999999887419161,0.999999999996056,0.99999999998761,0.999999999986265,0.999999999962392,0.999999999782724,0.999999999610594,0.999999996228132,0.999999992291371,0.999999981616846,0.999999641867494,0.999999150281286
1949.83333333333,0.999999990122419,0.999999999999955,0.999999999999826,0.999999999999793,0.999999999999335,0.999999999994829,0.999999999990148,0.999999999863498,0.999999999693758,0.999999999155117,0.999999971424401,0.999999921225953
1949.91666666667,0.999999999286881,1,0.999999999999998,0.999999999999998,0.999999999999992,0.99999999999991,0.999999999999816,0.999999999996266,0.999999999990758,0.99999999997016,0.999999998161272,0.999999994037523
1950,0.999999999957764,1,1,1,1,0.999999999999999,0.999999999999997,0.999999999999923,0.999999999999788,0.999999999999191,0.999999999904667,0.999999999631836
1950.08333333333,0.636363636361588,0,1,0,0,0,1,0.999999999999999,0.999999999999996,0.999999999999983,0.99999999999602,0.999999999981468
1950.16666666667,0.636363636363555,0,1,0,0,0,1,1,1,1,0.999999999999866,0.99999999999924
1950.25,0.27272727272727,0,0,0,0,0,0,0,0,1,0.999999999999996,0.999999999999975
1950.33333333333,0,0,0,0,0,0,0,0,0,0,0,0
1950.41666666667,0,0,0,0,0,0,0,0,0,0,0,0
1950.5,0,0,0,0,0,0,0,0,0,0,0,0
1950.58333333333,0,0,0,0,0,0,0,0,0,0,0,0
1950.66666666667,0,0,0,0,0,0,0,0,0,0,0,0
1950.75,0,0,0,0,0,0,0,0,0,0,0,0
1950.83333333333,0,0,0,0,0,0,0,0,0,0,0,0
1950.91666666667,0,0,0,0,0,0,0,0,0,0,0,0
1951,0,0,0,0,0,0,0,0,0,0,0,0
1951.08333333333,0,0,0,0,0,0,0,0,0,0,0,0
1951.16666666667,0,0,0,0,0,0,0,0,0,0,0,0
1951.25,0,0,0,0,0,0,0,0,0,0,0,0
1951.33333333333,0,0,0,0,0,0,0,0,0,0,0,0
1951.41666666667,0,0,0,0,0,0,0,0,0,0,0,0
1951.5,0,0,0,0,0,0,0,0,0,0,0,0
1951.58333333333,0,0,0,0,0,0,0,0,0,0,0,0
1951.66666666667,0,0,0,0,0,0,0,0,0,0,0,0
1951.75,0,0,0,0,0,0,0,0,0,0,0,0
1951.83333333333,0,0,0,0,0,0,0,0,0,0,0,0
1951.91666666667,0,0,0,0,0,0,0,0,0,0,0,0
1952,0,0,0,0,0,0,0,0,0,0,0,0
1952.08333333333,0,0,0,0,0,0,0,0,0,0,0,0
1952.16666666667,0,0,0,0,0,0,0,0,0,0,0,0
1952.25,0,0,0,0,0,0,0,0,0,0,0,0
1952.33333333333,0,0,0,0,0,0,0,0,0,0,0,0
1952.41666666667,0,0,0,0,0,0,0,0,0,0,0,0
1952.5,0,0,0,0,0,0,0,0,0,0,0,0
1952.58333333333,0,0,0,0,0,0,0,0,0,0,0,0
1952.66666666667,0,0,0,0,0,0,0,0,0,0,0,0
1952.75,0,0,0,0,0,0,0,0,0,0,0,0
1952.83333333333,0,0,0,0,0,0,0,0,0,0,0,0
1952.91666666667,0,0,0,0,0,0,0,0,0,0,0,0
1953,0,0,0,0,0,0,0,0,0,0,0,0
1953.08333333333,0,0,0,0,0,0,0,0,0,0,0,0
1953.16666666667,0,0,0,0,0,0,0,0,0,0,0,0
1953.25,0,0,0,0,0,0,0,0,0,0,0,0
1953.33333333333,0,0,0,0,0,0,0,0,0,0,0,0
1953.41666666667,0,0,0,0,0,0,0,0,0,0,0,0
1953.5,0,0,0,0,0,0,0,0,0,0,0,0
1953.58333333333,0,0,0,0,0,0,0,0,0,0,0,0
1953.66666666667,0,0,0,0,0,0,0,0,0,0,0,0
1953.75,0.683281842070931,0,0,0.9098428106609,0.899502872058444,0.884131455804445,0.868223761358516,0.832240817952331,0.811620441094172,0.797027882312513,0.764721839530905,0.748788382008016
1953.83333333333,0.937988328642961,0.972897517129403,0.969843451293268,0.973250465132973,0.968554564346287,0.96049611575777,0.95323374365547,0.932945115899336,0.921350396474854,0.911565690513293,0.883401924767856,0.87033263010206
1953.91666666667,0.979040479231377,0.994451334971036,0.993394282988789,0.994164739963249,0.9926807357713,0.989749462862007,0.987326340661277,0.978979934350981,0.97408503639105,0.969248860491693,0.95181954485498,0.943544998238784
1954,0.994014493978695,0.999194872918048,0.998956412209158,0.999074133183893,0.998746265303234,0.997996595020742,0.997405696223846,0.994887927852972,0.993335835609595,0.991559160314639,0.983551976526019,0.979450558603499
1954.08333333333,0.998538743040451,0.999917873348261,0.99988203100189,0.999893936628358,0.999843126421972,0.999707204037136,0.999601884921205,0.999042757608168,0.99867298532026,0.998185221458061,0.995392076952108,0.993787075747542
1954.16666666667,0.999693881727287,0.999994144258129,0.999990510685649,0.999991273271651,0.999985736358305,0.999968164783197,0.999954444189448,0.999862735302701,0.999796523991278,0.999696077637981,0.998945839595056,0.99844724892676
1954.25,0.99994518186519,0.999999709329246,0.999999458983007,0.999999486216627,0.999999061117434,0.999997434440067,0.999996127891784,0.999984985861792,0.999976072580128,0.999960513772393,0.999803786753682,0.999680363570926
1954.33333333333,0.999991677884613,0.99999998998481,0.999999978201035,0.999999978414977,0.999999955384537,0.999999847175769,0.9999997562305,0.999998750946006,0.999997848610268,0.99999603202659,0.999970367349919,0.999945952406328
1954.41666666667,0.999998939106329,0.999999999761001,0.999999999380609,0.999999999354247,0.999999998472633,0.999999993285186,0.999999988657626,0.999999921142111,0.999999852429904,0.999999692286651,0.999996376619045,0.999992508780606
1954.5,0.999999887419161,0.999999999996056,0.99999999998761,0.999999999986265,0.999999999962392,0.999999999782724,0.999999999610594,0.999999996228132,0.999999992291371,0.999999981616846,0.999999641867494,0.999999150281286
1954.58333333333,0.999999990122419,0.999999999999955,0.999999999999826,0.999999999999793,0.999999999999335,0.999999999994829,0.999999999990148,0.999999999863498,0.999999999693758,0.999999999155117,0.999999971424401,0.999999921225953
1954.66666666667,0.999999999286881,1,0.999999999999998,0.999999999999998,0.999999999999992,0.99999999999991,0.999999999999816,0.999999999996266,0.999999999990758,0.99999999997016,0.999999998161272,0.999999994037523
1954.75,0.999999999957764,1,1,1,1,0.999999999999999,0.999999999999997,0.999999999999923,0.999999999999788,0.999999999999191,0.999999999904667,0.999999999631836
1954.83333333333,0.727272727270679,1,1,0,0,0,1,0.999999999999999,0.999999999999996,0.999999999999983,0.99999999999602,0.999999999981468
1954.91666666667,0.545454545454464,0,1,0,0,0,1,0,1,1,0.999999999999866,0.99999999999924
1955,0.0909090909090906,0,0,0,0,0,0,0,0,0,0.999999999999996,0
1955.08333333333,0,0,0,0,0,0,0,0,0,0,0,0
1955.16666666667,0,0,0,0,0,0,0,0,0,0,0,0
1955.25,0,0,0,0,0,0,0,0,0,0,0,0
1955.33333333333,0,0,0,0,0,0,0,0,0,0,0,0
1955.41666666667,0,0,0,0,0,0,0,0,0,0,0,0
1955.5,0,0,0,0,0,0,0,0,0,0,0,0
1955.58333333333,0,0,0,0,0,0,0,0,0,0,0,0
1955.66666666667,0,0,0,0,0,0,0,0,0,0,0,0
1955.75,0,0,0,0,0,0,0,0,0,0,0,0
1955.83333333333,0,0,0,0,0,0,0,0,0,0,0,0
1955.91666666667,0,0,0,0,0,0,0,0,0,0,0,0
1956,0,0,0,0,0,0,0,0,0,0,0,0
1956.08333333333,0,0,0,0,0,0,0,0,0,0,0,0
1956.16666666667,0,0,0,0,0,0,0,0,0,0,0,0
1956.25,0,0,0,0,0,0,0,0,0,0,0,0
1956.33333333333,0,0,0,0,0,0,0,0,0,0,0,0
1956.41666666667,0,0,0,0,0,0,0,0,0,0,0,0
1956.5,0,0,0,0,0,0,0,0,0,0,0,0
1956.58333333333,0,0,0,0,0,0,0,0,0,0,0,0
1956.66666666667,0,0,0,0,0,0,0,0,0,0,0,0
1956.75,0,0,0,0,0,0,0,0,0,0,0,0
1956.83333333333,0,0,0,0,0,0,0,0,0,0,0,0
1956.91666666667,0,0,0,0,0,0,0,0,0,0,0,0
1957,0,0,0,0,0,0,0,0,0,0,0,0
1957.08333333333,0,0,0,0,0,0,0,0,0,0,0,0
1957.16666666667,0,0,0,0,0,0,0,0,0,0,0,0
1957.25,0,0,0,0,0,0,0,0,0,0,0,0
1957.33333333333,0,0,0,0,0,0,0,0,0,0,0,0
1957.41666666667,0,0,0,0,0,0,0,0,0,0,0,0
1957.5,0.0680716710916378,0,0,0,0,0,0,0,0,0,0,0.748788382008016
1957.58333333333,0.148641315421179,0,0,0,0,0,0,0,0,0,0.764721839530905,0.87033263010206
1957.66666666667,0.711776087658905,0,0,0.9098428106609,0.899502872058444,0.884131455804445,0.868223761358516,0.832240817952331,0.811620441094172,0.797027882312513,0.883401924767856,0.943544998238784
1957.75,0.954127923969194,0.972897517129403,0.969843451293268,0.973250465132973,0.968554564346287,0.96049611575777,0.95323374365547,0.932945115899336,0.921350396474854,0.911565690513293,0.95181954485498,0.979450558603499
1957.83333333333,0.986492707338631,0.994451334971036,0.993394282988789,0.994164739963249,0.9926807357713,0.989749462862007,0.987326340661277,0.978979934350981,0.97408503639105,0.969248860491693,0.983551976526019,0.993787075747542
1957.91666666667,0.996817838592272,0.999194872918048,0.998956412209158,0.999074133183893,0.998746265303234,0.997996595020742,0.997405696223846,0.994887927852972,0.993335835609595,0.991559160314639,0.995392076952108,0.99844724892676
1958,0.999397565810118,0.999917873348261,0.99988203100189,0.999893936628358,0.999843126421972,0.999707204037136,0.999601884921205,0.999042757608168,0.99867298532026,0.998185221458061,0.998945839595056,0.999680363570926
1958.08333333333,0.999908122694396,0.999994144258129,0.999990510685649,0.999991273271651,0.999985736358305,0.999968164783197,0.999954444189448,0.999862735302701,0.999796523991278,0.999696077637981,0.999803786753682,0.999945952406328
1958.16666666667,0.999988702393,0.999999709329246,0.999999458983007,0.999999486216627,0.999999061117434,0.999997434440067,0.999996127891784,0.999984985861792,0.999976072580128,0.999960513772393,0.999970367349919,0.999992508780606
1958.25,0.999998878534075,0.99999998998481,0.999999978201035,0.999999978414977,0.999999955384537,0.999999847175769,0.9999997562305,0.999998750946006,0.999997848610268,0.99999603202659,0.999996376619045,0.999999150281286
1958.33333333333,0.999999909805765,0.999999999761001,0.999999999380609,0.999999999354247,0.999999998472633,0.999999993285186,0.999999988657626,0.999999921142111,0.999999852429904,0.999999692286651,0.999999641867494,0.999999921225953
1958.41666666667,0.999999994083992,0.999999999996056,0.99999999998761,0.999999999986265,0.999999999962392,0.999999999782724,0.999999999610594,0.999999996228132,0.999999992291371,0.999999981616846,0.999999971424401,0.999999994037523
1958.5,0.999999999680851,0.999999999999955,0.999999999999826,0.999999999999793,0.999999999999335,0.999999999994829,0.999999999990148,0.999999999863498,0.999999999693758,0.999999999155117,0.999999998161272,0.999999999631836
1958.58333333333,0.99999999998573,1,0.999999999999998,0.999999999999998,0.999999999999992,0.99999999999991,0.999999999999816,0.999999999996266,0.999999999990758,0.99999999997016,0.999999999904667,0.999999999981468
1958.66666666667,0.909090909090378,0,1,1,1,0.999999999999999,0.999999999999997,0.999999999999923,0.999999999999788,0.999999999999191,0.99999999999602,0.99999999999924
1958.75,0.63636363636362,0,1,0,0,0,1,0.999999999999999,0.999999999999996,0.999999999999983,0.999999999999866,0.999999999999975
1958.83333333333,0.363636363636363,0,0,0,0,0,1,0,0,1,0.999999999999996,0.999999999999999
1958.91666666667,0,0,0,0,0,0,0,0,0,0,0,0
1959,0,0,0,0,0,0,0,0,0,0,0,0
1959.08333333333,0,0,0,0,0,0,0,0,0,0,0,0
1959.16666666667,0,0,0,0,0,0,0,0,0,0,0,0
1959.25,0,0,0,0,0,0,0,0,0,0,0,0
1959.33333333333,0,0,0,0,0,0,0,0,0,0,0,0
1959.41666666667,0,0,0,0,0,0,0,0,0,0,0,0
1959.5,0,0,0,0,0,0,0,0,0,0,0,0
1959.58333333333,0,0,0,0,0,0,0,0,0,0,0,0
1959.66666666667,0,0,0,0,0,0,0,0,0,0,0,0
1959.75,0,0,0,0,0,0,0,0,0,0,0,0
1959.83333333333,0,0,0,0,0,0,0,0,0,0,0,0
1959.91666666667,0,0,0,0,0,0,0,0,0,0,0,0
1960,0,0,0,0,0,0,0,0,0,0,0,0
1960.08333333333,0,0,0,0,0,0,0,0,0,0,0,0
1960.16666666667,0,0,0,0,0,0,0,0,0,0,0,0
1960.25,0,0,0,0,0,0,0,0,0,0,0,0
1960.33333333333,0,0,0,0,0,0,0,0,0,0,0,0
1960.41666666667,0,0,0,0,0,0,0,0,0,0,0,0
1960.5,0,0,0,0,0,0,0,0,0,0,0,0
1960.58333333333,0.613761674840849,0,0,0.9098428106609,0.899502872058444,0.884131455804445,0.868223761358516,0.832240817952331,0.811620441094172,0.797027882312513,0,0.748788382008016
1960.66666666667,0.927199229985056,0.972897517129403,0.969843451293268,0.973250465132973,0.968554564346287,0.96049611575777,0.95323374365547,0.932945115899336,0.921350396474854,0.911565690513293,0.764721839530905,0.87033263010206
1960.75,0.972820695587093,0.994451334971036,0.993394282988789,0.994164739963249,0.9926807357713,0.989749462862007,0.987326340661277,0.978979934350981,0.97408503639105,0.969248860491693,0.883401924767856,0.943544998238784
1960.83333333333,0.991129727463146,0.999194872918048,0.998956412209158,0.999074133183893,0.998746265303234,0.997996595020742,0.997405696223846,0.994887927852972,0.993335835609595,0.991559160314639,0.95181954485498,0.979450558603499
1960.91666666667,0.997462370274443,0.999917873348261,0.99988203100189,0.999893936628358,0.999843126421972,0.999707204037136,0.999601884921205,0.999042757608168,0.99867298532026,0.998185221458061,0.983551976526019,0.993787075747542
1961,0.99937081239611,0.999994144258129,0.999990510685649,0.999991273271651,0.999985736358305,0.999968164783197,0.999954444189448,0.999862735302701,0.999796523991278,0.999696077637981,0.995392076952108,0.99844724892676
1961.08333333333,0.999867186668951,0.999999709329246,0.999999458983007,0.999999486216627,0.999999061117434,0.999997434440067,0.999996127891784,0.999984985861792,0.999976072580128,0.999960513772393,0.998945839595056,0.999680363570926
1961.16666666667,0.999976534194046,0.99999998998481,0.999999978201035,0.999999978414977,0.999999955384537,0.999999847175769,0.9999997562305,0.999998750946006,0.999997848610268,0.99999603202659,0.999803786753682,0.999945952406328
1961.25,0.999996574627318,0.999999999761001,0.999999999380609,0.999999999354247,0.999999998472633,0.999999993285186,0.999999988657626,0.999999921142111,0.999999852429904,0.999999692286651,0.999970367349919,0.999992508780606
1961.33333333333,0.999999590578393,0.999999999996056,0.99999999998761,0.999999999986265,0.999999999962392,0.999999999782724,0.999999999610594,0.999999996228132,0.999999992291371,0.999999981616846,0.999996376619045,0.999999150281286
1961.41666666667,0.727272687435977,0.999999999999955,0.999999999999826,0,0,0,0.999999999990148,0.999999999863498,0.999999999693758,0.999999999155117,0.999999641867494,0.999999921225953
1961.5,0.636363633219902,0,0.999999999999998,0,0,0,0.999999999999816,0.999999999996266,0.999999999990758,0.99999999997016,0.999999971424401,0.999999994037523
1961.58333333333,0.272727272526573,0,0,0,0,0,0,0,0,0.999999999999191,0.999999998161272,0.999999999631836
1961.66666666667,0,0,0,0,0,0,0,0,0,0,0,0
1961.75,0,0,0,0,0,0,0,0,0,0,0,0
1961.83333333333,0,0,0,0,0,0,0,0,0,0,0,0
1961.91666666667,0,0,0,0,0,0,0,0,0,0,0,0
1962,0,0,0,0,0,0,0,0,0,0,0,0
1962.08333333333,0,0,0,0,0,0,0,0,0,0,0,0
1962.16666666667,0,0,0,0,0,0,0,0,0,0,0,0
1962.25,0,0,0,0,0,0,0,0,0,0,0,0
1962.33333333333,0,0,0,0,0,0,0,0,0,0,0,0
1962.41666666667,0,0,0,0,0,0,0,0,0,0,0,0
1962.5,0,0,0,0,0,0,0,0,0,0,0,0
1962.58333333333,0,0,0,0,0,0,0,0,0,0,0,0
1962.66666666667,0,0,0,0,0,0,0,0,0,0,0,0
1962.75,0,0,0,0,0,0,0,0,0,0,0,0
1962.83333333333,0,0,0,0,0,0,0,0,0,0,0,0
1962.91666666667,0,0,0,0,0,0,0,0,0,0,0,0
1963,0,0,0,0,0,0,0,0,0,0,0,0
1963.08333333333,0,0,0,0,0,0,0,0,0,0,0,0
1963.16666666667,0,0,0,0,0,0,0,0,0,0,0,0
1963.25,0,0,0,0,0,0,0,0,0,0,0,0
1963.33333333333,0,0,0,0,0,0,0,0,0,0,0,0
1963.41666666667,0,0,0,0,0,0,0,0,0,0,0,0
1963.5,0,0,0,0,0,0,0,0,0,0,0,0
1963.58333333333,0,0,0,0,0,0,0,0,0,0,0,0
1963.66666666667,0,0,0,0,0,0,0,0,0,0,0,0
1963.75,0,0,0,0,0,0,0,0,0,0,0,0
1963.83333333333,0,0,0,0,0,0,0,0,0,0,0,0
1963.91666666667,0,0,0,0,0,0,0,0,0,0,0,0
1964,0,0,0,0,0,0,0,0,0,0,0,0
1964.08333333333,0,0,0,0,0,0,0,0,0,0,0,0
1964.16666666667,0,0,0,0,0,0,0,0,0,0,0,0
1964.25,0,0,0,0,0,0,0,0,0,0,0,0
1964.33333333333,0,0,0,0,0,0,0,0,0,0,0,0
1964.41666666667,0,0,0,0,0,0,0,0,0,0,0,0
1964.5,0,0,0,0,0,0,0,0,0,0,0,0
1964.58333333333,0,0,0,0,0,0,0,0,0,0,0,0
1964.66666666667,0,0,0,0,0,0,0,0,0,0,0,0
1964.75,0,0,0,0,0,0,0,0,0,0,0,0
1964.83333333333,0,0,0,0,0,0,0,0,0,0,0,0
1964.91666666667,0,0,0,0,0,0,0,0,0,0,0,0
1965,0,0,0,0,0,0,0,0,0,0,0,0
1965.08333333333,0,0,0,0,0,0,0,0,0,0,0,0
1965.16666666667,0,0,0,0,0,0,0,0,0,0,0,0
1965.25,0,0,0,0,0,0,0,0,0,0,0,0
1965.33333333333,0,0,0,0,0,0,0,0,0,0,0,0
1965.41666666667,0,0,0,0,0,0,0,0,0,0,0,0
1965.5,0,0,0,0,0,0,0,0,0,0,0,0
1965.58333333333,0,0,0,0,0,0,0,0,0,0,0,0
1965.66666666667,0,0,0,0,0,0,0,0,0,0,0,0
1965.75,0,0,0,0,0,0,0,0,0,0,0,0
1965.83333333333,0,0,0,0,0,0,0,0,0,0,0,0
1965.91666666667,0,0,0,0,0,0,0,0,0,0,0,0
1966,0,0,0,0,0,0,0,0,0,0,0,0
1966.08333333333,0,0,0,0,0,0,0,0,0,0,0,0
1966.16666666667,0,0,0,0,0,0,0,0,0,0,0,0
1966.25,0,0,0,0,0,0,0,0,0,0,0,0
1966.33333333333,0,0,0,0,0,0,0,0,0,0,0,0
1966.41666666667,0,0,0,0,0,0,0,0,0,0,0,0
1966.5,0,0,0,0,0,0,0,0,0,0,0,0
1966.58333333333,0,0,0,0,0,0,0,0,0,0,0,0
1966.66666666667,0,0,0,0,0,0,0,0,0,0,0,0
1966.75,0,0,0,0,0,0,0,0,0,0,0,0
1966.83333333333,0,0,0,0,0,0,0,0,0,0,0,0
1966.91666666667,0,0,0,0,0,0,0,0,0,0,0,0
1967,0,0,0,0,0,0,0,0,0,0,0,0
1967.08333333333,0,0,0,0,0,0,0,0,0,0,0,0
1967.16666666667,0,0,0,0,0,0,0,0,0,0,0,0
1967.25,0,0,0,0,0,0,0,0,0,0,0,0
1967.33333333333,0,0,0,0,0,0,0,0,0,0,0,0
1967.41666666667,0,0,0,0,0,0,0,0,0,0,0,0
1967.5,0,0,0,0,0,0,0,0,0,0,0,0
1967.58333333333,0,0,0,0,0,0,0,0,0,0,0,0
1967.66666666667,0,0,0,0,0,0,0,0,0,0,0,0
1967.75,0,0,0,0,0,0,0,0,0,0,0,0
1967.83333333333,0,0,0,0,0,0,0,0,0,0,0,0
1967.91666666667,0,0,0,0,0,0,0,0,0,0,0,0
1968,0,0,0,0,0,0,0,0,0,0,0,0
1968.08333333333,0,0,0,0,0,0,0,0,0,0,0,0
1968.16666666667,0,0,0,0,0,0,0,0,0,0,0,0
1968.25,0,0,0,0,0,0,0,0,0,0,0,0
1968.33333333333,0,0,0,0,0,0,0,0,0,0,0,0
1968.41666666667,0,0,0,0,0,0,0,0,0,0,0,0
1968.5,0,0,0,0,0,0,0,0,0,0,0,0
1968.58333333333,0,0,0,0,0,0,0,0,0,0,0,0
1968.66666666667,0,0,0,0,0,0,0,0,0,0,0,0
1968.75,0,0,0,0,0,0,0,0,0,0,0,0
1968.83333333333,0,0,0,0,0,0,0,0,0,0,0,0
1968.91666666667,0,0,0,0,0,0,0,0,0,0,0,0
1969,0,0,0,0,0,0,0,0,0,0,0,0
1969.08333333333,0,0,0,0,0,0,0,0,0,0,0,0
1969.16666666667,0,0,0,0,0,0,0,0,0,0,0,0
1969.25,0,0,0,0,0,0,0,0,0,0,0,0
1969.33333333333,0,0,0,0,0,0,0,0,0,0,0,0
1969.41666666667,0,0,0,0,0,0,0,0,0,0,0,0
1969.5,0,0,0,0,0,0,0,0,0,0,0,0
1969.58333333333,0,0,0,0,0,0,0,0,0,0,0,0
1969.66666666667,0,0,0,0,0,0,0,0,0,0,0,0
1969.75,0,0,0,0,0,0,0,0,0,0,0,0
1969.83333333333,0,0,0,0,0,0,0,0,0,0,0,0
1969.91666666667,0.0695201672300823,0,0,0,0,0,0,0,0,0,0.764721839530905,0
1970,0.449209382681219,0,0,0,0,0,0.868223761358516,0.832240817952331,0.811620441094172,0.797027882312513,0.883401924767856,0.748788382008016
1970.08333333333,0.836778882847005,0,0.969843451293268,0.9098428106609,0.899502872058444,0.884131455804445,0.95323374365547,0.932945115899336,0.921350396474854,0.911565690513293,0.95181954485498,0.87033263010206
1970.16666666667,0.97321182654682,0.972897517129403,0.993394282988789,0.973250465132973,0.968554564346287,0.96049611575777,0.987326340661277,0.978979934350981,0.97408503639105,0.969248860491693,0.983551976526019,0.943544998238784
1970.25,0.992912176484856,0.994451334971036,0.998956412209158,0.994164739963249,0.9926807357713,0.989749462862007,0.997405696223846,0.994887927852972,0.993335835609595,0.991559160314639,0.995392076952108,0.979450558603499
1970.33333333333,0.998466332916191,0.999194872918048,0.99988203100189,0.999074133183893,0.998746265303234,0.997996595020742,0.999601884921205,0.999042757608168,0.99867298532026,0.998185221458061,0.998945839595056,0.993787075747542
1970.41666666667,0.999719406174839,0.999917873348261,0.999990510685649,0.999893936628358,0.999843126421972,0.999707204037136,0.999954444189448,0.999862735302701,0.999796523991278,0.999696077637981,0.999803786753682,0.99844724892676
1970.5,0.999955200789203,0.999994144258129,0.999999458983007,0.999991273271651,0.999985736358305,0.999968164783197,0.999996127891784,0.999984985861792,0.999976072580128,0.999960513772393,0.999970367349919,0.999680363570926
1970.58333333333,0.999993671467559,0.999999709329246,0.999999978201035,0.999999486216627,0.999999061117434,0.999997434440067,0.9999997562305,0.999998750946006,0.999997848610268,0.99999603202659,0.999996376619045,0.999945952406328
1970.66666666667,0.999999215955009,0.99999998998481,0.999999999380609,0.999999978414977,0.999999955384537,0.999999847175769,0.999999988657626,0.999999921142111,0.999999852429904,0.999999692286651,0.999999641867494,0.999992508780606
1970.75,0.999999916573937,0.999999999761001,0.99999999998761,0.999999999354247,0.999999998472633,0.999999993285186,0.999999999610594,0.999999996228132,0.999999992291371,0.999999981616846,0.999999971424401,0.999999150281286
1970.83333333333,0.999999992528819,0.999999999996056,0.999999999999826,0.999999999986265,0.999999999962392,0.999999999782724,0.999999999990148,0.999999999863498,0.999999999693758,0.999999999155117,0.999999998161272,0.999999921225953
1970.91666666667,0.999999999444827,0.999999999999955,0.999999999999998,0.999999999999793,0.999999999999335,0.999999999994829,0.999999999999816,0.999999999996266,0.999999999990758,0.99999999997016,0.999999999904667,0.999999994037523
1971,0.999999999966059,1,1,0.999999999999998,0.999999999999992,0.99999999999991,0.999999999999997,0.999999999999923,0.999999999999788,0.999999999999191,0.99999999999602,0.999999999631836
1971.08333333333,0.999999999998301,1,1,1,1,0.999999999999999,1,0.999999999999999,0.999999999999996,0.999999999999983,0.999999999999866,0.999999999981468
1971.16666666667,0.999999999999931,1,1,1,1,1,1,1,1,1,0.999999999999996,0.99999999999924
1971.25,0.999999999999998,1,1,1,1,1,1,1,1,1,1,0.999999999999975
1971.33333333333,1,1,1,1,1,1,1,1,1,1,1,0.999999999999999
1971.41666666667,0.636363636363636,0,1,0,0,0,1,1,1,1,1,1
1971.5,0.636363636363636,0,1,0,0,0,1,1,1,1,1,1
1971.58333333333,0.545454545454545,0,1,0,0,0,1,0,1,1,1,1
1971.66666666667,0.454545454545455,0,0,0,0,0,1,0,1,1,1,1
1971.75,0,0,0,0,0,0,0,0,0,0,0,0
1971.83333333333,0,0,0,0,0,0,0,0,0,0,0,0
1971.91666666667,0,0,0,0,0,0,0,0,0,0,0,0
1972,0,0,0,0,0,0,0,0,0,0,0,0
1972.08333333333,0,0,0,0,0,0,0,0,0,0,0,0
1972.16666666667,0,0,0,0,0,0,0,0,0,0,0,0
1972.25,0,0,0,0,0,0,0,0,0,0,0,0
1972.33333333333,0,0,0,0,0,0,0,0,0,0,0,0
1972.41666666667,0,0,0,0,0,0,0,0,0,0,0,0
1972.5,0,0,0,0,0,0,0,0,0,0,0,0
1972.58333333333,0,0,0,0,0,0,0,0,0,0,0,0
1972.66666666667,0,0,0,0,0,0,0,0,0,0,0,0
1972.75,0,0,0,0,0,0,0,0,0,0,0,0
1972.83333333333,0,0,0,0,0,0,0,0,0,0,0,0
1972.91666666667,0,0,0,0,0,0,0,0,0,0,0,0
1973,0,0,0,0,0,0,0,0,0,0,0,0
1973.08333333333,0,0,0,0,0,0,0,0,0,0,0,0
1973.16666666667,0,0,0,0,0,0,0,0,0,0,0,0
1973.25,0,0,0,0,0,0,0,0,0,0,0,0
1973.33333333333,0,0,0,0,0,0,0,0,0,0,0,0
1973.41666666667,0,0,0,0,0,0,0,0,0,0,0,0
1973.5,0,0,0,0,0,0,0,0,0,0,0,0
1973.58333333333,0,0,0,0,0,0,0,0,0,0,0,0
1973.66666666667,0,0,0,0,0,0,0,0,0,0,0,0
1973.75,0,0,0,0,0,0,0,0,0,0,0,0
1973.83333333333,0,0,0,0,0,0,0,0,0,0,0,0
1973.91666666667,0,0,0,0,0,0,0,0,0,0,0,0
1974,0.0680716710916378,0,0,0,0,0,0,0,0,0,0,0.748788382008016
1974.08333333333,0.69433131917039,0,0,0.9098428106609,0.899502872058444,0.884131455804445,0.868223761358516,0.832240817952331,0.811620441094172,0.797027882312513,0.764721839530905,0.87033263010206
1974.16666666667,0.856476411992366,0.972897517129403,0,0.973250465132973,0.968554564346287,0.96049611575777,0.95323374365547,0.932945115899336,0.921350396474854,0.911565690513293,0.883401924767856,0.943544998238784
1974.25,0.891996049901916,0.994451334971036,0,0.994164739963249,0.9926807357713,0.989749462862007,0.987326340661277,0.978979934350981,0.97408503639105,0.969248860491693,0.95181954485498,0.979450558603499
1974.33333333333,0.992671180908527,0.999194872918048,0.969843451293268,0.999074133183893,0.998746265303234,0.997996595020742,0.997405696223846,0.994887927852972,0.993335835609595,0.991559160314639,0.983551976526019,0.993787075747542
1974.41666666667,0.998372599873735,0.999917873348261,0.993394282988789,0.999893936628358,0.999843126421972,0.999707204037136,0.999601884921205,0.999042757608168,0.99867298532026,0.998185221458061,0.995392076952108,0.99844724892676
1974.5,0.999711974106166,0.999994144258129,0.998956412209158,0.999991273271651,0.999985736358305,0.999968164783197,0.999954444189448,0.999862735302701,0.999796523991278,0.999696077637981,0.998945839595056,0.999680363570926
1974.58333333333,0.999958651033761,0.999999709329246,0.99988203100189,0.999999486216627,0.999999061117434,0.999997434440067,0.999996127891784,0.999984985861792,0.999976072580128,0.999960513772393,0.999803786753682,0.999945952406328
1974.66666666667,0.999995049599057,0.99999998998481,0.999990510685649,0.999999978414977,0.999999955384537,0.999999847175769,0.9999997562305,0.999998750946006,0.999997848610268,0.99999603202659,0.999970367349919,0.999992508780606
1974.75,0.999999493752063,0.999999999761001,0.999999458983007,0.999999999354247,0.999999998472633,0.999999993285186,0.999999988657626,0.999999921142111,0.999999852429904,0.999999692286651,0.999996376619045,0.999999150281286
1974.83333333333,0.999999955524442,0.999999999996056,0.999999978201035,0.999999999986265,0.999999999962392,0.999999999782724,0.999999999610594,0.999999996228132,0.999999992291371,0.999999981616846,0.999999641867494,0.999999921225953
1974.91666666667,0.999999996685361,0.999999999999955,0.999999999380609,0.999999999999793,0.999999999999335,0.999999999994829,0.999999999990148,0.999999999863498,0.999999999693758,0.999999999155117,0.999999971424401,0.999999994037523
1975,0.999999999794329,1,0.99999999998761,0.999999999999998,0.999999999999992,0.99999999999991,0.999999999999816,0.999999999996266,0.999999999990758,0.99999999997016,0.999999998161272,0.999999999631836
1975.08333333333,0.999999999989533,1,0.999999999999826,1,1,0.999999999999999,0.999999999999997,0.999999999999923,0.999999999999788,0.999999999999191,0.999999999904667,0.999999999981468
1975.16666666667,0.999999999999567,1,0.999999999999998,1,1,1,1,0.999999999999999,0.999999999999996,0.999999999999983,0.99999999999602,0.99999999999924
1975.25,0.999999999999986,1,1,1,1,1,1,1,1,1,0.999999999999866,0.999999999999975
1975.33333333333,1,1,1,1,1,1,1,1,1,1,0.999999999999996,0.999999999999999
1975.41666666667,1,1,1,1,1,1,1,1,1,1,1,1
1975.5,1,1,1,1,1,1,1,1,1,1,1,1
1975.58333333333,0.727272727272727,1,1,0,0,0,1,1,1,1,1,1
1975.66666666667,0.636363636363636,0,1,0,0,0,1,1,1,1,1,1
1975.75,0.545454545454545,0,1,0,0,0,1,0,1,1,1,1
1975.83333333333,0.272727272727273,0,0,0,0,0,0,0,0,1,1,1
1975.91666666667,0,0,0,0,0,0,0,0,0,0,0,0
1976,0,0,0,0,0,0,0,0,0,0,0,0
1976.08333333333,0,0,0,0,0,0,0,0,0,0,0,0
1976.16666666667,0,0,0,0,0,0,0,0,0,0,0,0
1976.25,0,0,0,0,0,0,0,0,0,0,0,0
1976.33333333333,0,0,0,0,0,0,0,0,0,0,0,0
1976.41666666667,0,0,0,0,0,0,0,0,0,0,0,0
1976.5,0,0,0,0,0,0,0,0,0,0,0,0
1976.58333333333,0,0,0,0,0,0,0,0,0,0,0,0
1976.66666666667,0,0,0,0,0,0,0,0,0,0,0,0
1976.75,0,0,0,0,0,0,0,0,0,0,0,0
1976.83333333333,0,0,0,0,0,0,0,0,0,0,0,0
1976.91666666667,0,0,0,0,0,0,0,0,0,0,0,0
1977,0,0,0,0,0,0,0,0,0,0,0,0
1977.08333333333,0,0,0,0,0,0,0,0,0,0,0,0
1977.16666666667,0,0,0,0,0,0,0,0,0,0,0,0
1977.25,0,0,0,0,0,0,0,0,0,0,0,0
1977.33333333333,0,0,0,0,0,0,0,0,0,0,0,0
1977.41666666667,0,0,0,0,0,0,0,0,0,0,0,0
1977.5,0,0,0,0,0,0,0,0,0,0,0,0
1977.58333333333,0,0,0,0,0,0,0,0,0,0,0,0
1977.66666666667,0,0,0,0,0,0,0,0,0,0,0,0
1977.75,0,0,0,0,0,0,0,0,0,0,0,0
1977.83333333333,0,0,0,0,0,0,0,0,0,0,0,0
1977.91666666667,0,0,0,0,0,0,0,0,0,0,0,0
1978,0,0,0,0,0,0,0,0,0,0,0,0
1978.08333333333,0,0,0,0,0,0,0,0,0,0,0,0
1978.16666666667,0,0,0,0,0,0,0,0,0,0,0,0
1978.25,0,0,0,0,0,0,0,0,0,0,0,0
1978.33333333333,0,0,0,0,0,0,0,0,0,0,0,0
1978.41666666667,0,0,0,0,0,0,0,0,0,0,0,0
1978.5,0,0,0,0,0,0,0,0,0,0,0,0
1978.58333333333,0,0,0,0,0,0,0,0,0,0,0,0
1978.66666666667,0,0,0,0,0,0,0,0,0,0,0,0
1978.75,0,0,0,0,0,0,0,0,0,0,0,0
1978.83333333333,0,0,0,0,0,0,0,0,0,0,0,0
1978.91666666667,0,0,0,0,0,0,0,0,0,0,0,0
1979,0,0,0,0,0,0,0,0,0,0,0,0
1979.08333333333,0,0,0,0,0,0,0,0,0,0,0,0
1979.16666666667,0,0,0,0,0,0,0,0,0,0,0,0
1979.25,0,0,0,0,0,0,0,0,0,0,0,0
1979.33333333333,0,0,0,0,0,0,0,0,0,0,0,0
1979.41666666667,0,0,0,0,0,0,0,0,0,0,0,0
1979.5,0,0,0,0,0,0,0,0,0,0,0,0
1979.58333333333,0,0,0,0,0,0,0,0,0,0,0,0
1979.66666666667,0,0,0,0,0,0,0,0,0,0,0,0
1979.75,0,0,0,0,0,0,0,0,0,0,0,0
1979.83333333333,0,0,0,0,0,0,0,0,0,0,0,0
1979.91666666667,0,0,0,0,0,0,0,0,0,0,0,0
1980,0.35949085117254,0,0,0,0,0,0,0.832240817952331,0.811620441094172,0.797027882312513,0.764721839530905,0.748788382008016
1980.08333333333,0.7346633325127,0,0,0.9098428106609,0.899502872058444,0.884131455804445,0.868223761358516,0.932945115899336,0.921350396474854,0.911565690513293,0.883401924767856,0.87033263010206
1980.16666666667,0.965086748331151,0.972897517129403,0.969843451293268,0.973250465132973,0.968554564346287,0.96049611575777,0.95323374365547,0.978979934350981,0.97408503639105,0.969248860491693,0.95181954485498,0.943544998238784
1980.25,0.990413850556762,0.994451334971036,0.993394282988789,0.994164739963249,0.9926807357713,0.989749462862007,0.987326340661277,0.994887927852972,0.993335835609595,0.991559160314639,0.983551976526019,0.979450558603499
1980.33333333333,0.997859462904096,0.999194872918048,0.998956412209158,0.999074133183893,0.998746265303234,0.997996595020742,0.997405696223846,0.999042757608168,0.99867298532026,0.998185221458061,0.995392076952108,0.993787075747542
1980.41666666667,0.9995994983466,0.999917873348261,0.99988203100189,0.999893936628358,0.999843126421972,0.999707204037136,0.999601884921205,0.999862735302701,0.999796523991278,0.999696077637981,0.998945839595056,0.99844724892676
1980.5,0.999935454189573,0.999994144258129,0.999990510685649,0.999991273271651,0.999985736358305,0.999968164783197,0.999954444189448,0.999984985861792,0.999976072580128,0.999960513772393,0.999803786753682,0.999680363570926
1980.58333333333,0.999990929937934,0.999999709329246,0.999999458983007,0.999999486216627,0.999999061117434,0.999997434440067,0.999996127891784,0.999998750946006,0.999997848610268,0.99999603202659,0.999970367349919,0.999945952406328
1980.66666666667,0.999998896059086,0.99999998998481,0.999999978201035,0.999999978414977,0.999999955384537,0.999999847175769,0.9999997562305,0.999999921142111,0.999999852429904,0.999999692286651,0.999996376619045,0.999992508780606
1980.75,0.999999885563312,0.999999999761001,0.999999999380609,0.999999999354247,0.999999998472633,0.999999993285186,0.999999988657626,0.999999996228132,0.999999992291371,0.999999981616846,0.999999641867494,0.999999150281286
1980.83333333333,0.727272717359726,0.999999999996056,0.99999999998761,0,0,0,0.999999999610594,0.999999999863498,0.999999999693758,0.999999999155117,0.999999971424401,0.999999921225953
1980.91666666667,0.636363635649632,0,0.999999999999826,0,0,0,0.999999999990148,0.999999999996266,0.999999999990758,0.99999999997016,0.999999998161272,0.999999994037523
1981,0.636363636321383,0,0.999999999999998,0,0,0,0.999999999999816,0.999999999999923,0.999999999999788,0.999999999999191,0.999999999904667,0.999999999631836
1981.08333333333,0.636363636361588,0,1,0,0,0,0.999999999999997,0.999999999999999,0.999999999999996,0.999999999999983,0.99999999999602,0.999999999981468
1981.16666666667,0.545454545454464,0,0,0,0,0,1,1,1,1,0.999999999999866,0.99999999999924
1981.25,0,0,0,0,0,0,0,0,0,0,0,0
1981.33333333333,0,0,0,0,0,0,0,0,0,0,0,0
1981.41666666667,0,0,0,0,0,0,0,0,0,0,0,0
1981.5,0,0,0,0,0,0,0,0,0,0,0,0
1981.58333333333,0,0,0,0,0,0,0,0,0,0,0,0
1981.66666666667,0,0,0,0,0,0,0,0,0,0,0,0
1981.75,0.683281842070931,0,0,0.9098428106609,0.899502872058444,0.884131455804445,0.868223761358516,0.832240817952331,0.811620441094172,0.797027882312513,0.764721839530905,0.748788382008016
1981.83333333333,0.937988328642961,0.972897517129403,0.969843451293268,0.973250465132973,0.968554564346287,0.96049611575777,0.95323374365547,0.932945115899336,0.921350396474854,0.911565690513293,0.883401924767856,0.87033263010206
1981.91666666667,0.979040479231377,0.994451334971036,0.993394282988789,0.994164739963249,0.9926807357713,0.989749462862007,0.987326340661277,0.978979934350981,0.97408503639105,0.969248860491693,0.95181954485498,0.943544998238784
1982,0.994014493978695,0.999194872918048,0.998956412209158,0.999074133183893,0.998746265303234,0.997996595020742,0.997405696223846,0.994887927852972,0.993335835609595,0.991559160314639,0.983551976526019,0.979450558603499
1982.08333333333,0.998538743040451,0.999917873348261,0.99988203100189,0.999893936628358,0.999843126421972,0.999707204037136,0.999601884921205,0.999042757608168,0.99867298532026,0.998185221458061,0.995392076952108,0.993787075747542
1982.16666666667,0.999693881727287,0.999994144258129,0.999990510685649,0.999991273271651,0.999985736358305,0.999968164783197,0.999954444189448,0.999862735302701,0.999796523991278,0.999696077637981,0.998945839595056,0.99844724892676
1982.25,0.99994518186519,0.999999709329246,0.999999458983007,0.999999486216627,0.999999061117434,0.999997434440067,0.999996127891784,0.999984985861792,0.999976072580128,0.999960513772393,0.999803786753682,0.999680363570926
1982.33333333333,0.999991677884613,0.99999998998481,0.999999978201035,0.999999978414977,0.999999955384537,0.999999847175769,0.9999997562305,0.999998750946006,0.999997848610268,0.99999603202659,0.999970367349919,0.999945952406328
1982.41666666667,0.999998939106329,0.999999999761001,0.999999999380609,0.999999999354247,0.999999998472633,0.999999993285186,0.999999988657626,0.999999921142111,0.999999852429904,0.999999692286651,0.999996376619045,0.999992508780606
1982.5,0.999999887419161,0.999999999996056,0.99999999998761,0.999999999986265,0.999999999962392,0.999999999782724,0.999999999610594,0.999999996228132,0.999999992291371,0.999999981616846,0.999999641867494,0.999999150281286
1982.58333333333,0.999999990122419,0.999999999999955,0.999999999999826,0.999999999999793,0.999999999999335,0.999999999994829,0.999999999990148,0.999999999863498,0.999999999693758,0.999999999155117,0.999999971424401,0.999999921225953
1982.66666666667,0.999999999286881,1,0.999999999999998,0.999999999999998,0.999999999999992,0.99999999999991,0.999999999999816,0.999999999996266,0.999999999990758,0.99999999997016,0.999999998161272,0.999999994037523
1982.75,0.999999999957764,1,1,1,1,0.999999999999999,0.999999999999997,0.999999999999923,0.999999999999788,0.999999999999191,0.999999999904667,0.999999999631836
1982.83333333333,0.999999999997952,1,1,1,1,1,1,0.999999999999999,0.999999999999996,0.999999999999983,0.99999999999602,0.999999999981468
1982.91666666667,0.999999999999919,1,1,1,1,1,1,1,1,1,0.999999999999866,0.99999999999924
1983,0.999999999999997,1,1,1,1,1,1,1,1,1,0.999999999999996,0.999999999999975
1983.08333333333,1,1,1,1,1,1,1,1,1,1,1,0.999999999999999
1983.16666666667,0.636363636363636,0,1,0,0,0,1,1,1,1,1,1
1983.25,0.636363636363636,0,1,0,0,0,1,1,1,1,1,1
1983.33333333333,0,0,0,0,0,0,0,0,0,0,0,0
1983.41666666667,0,0,0,0,0,0,0,0,0,0,0,0
1983.5,0,0,0,0,0,0,0,0,0,0,0,0
1983.58333333333,0,0,0,0,0,0,0,0,0,0,0,0
1983.66666666667,0,0,0,0,0,0,0,0,0,0,0,0
1983.75,0,0,0,0,0,0,0,0,0,0,0,0
1983.83333333333,0,0,0,0,0,0,0,0,0,0,0,0
1983.91666666667,0,0,0,0,0,0,0,0,0,0,0,0
1984,0,0,0,0,0,0,0,0,0,0,0,0
1984.08333333333,0,0,0,0,0,0,0,0,0,0,0,0
1984.16666666667,0,0,0,0,0,0,0,0,0,0,0,0
1984.25,0,0,0,0,0,0,0,0,0,0,0,0
1984.33333333333,0,0,0,0,0,0,0,0,0,0,0,0
1984.41666666667,0,0,0,0,0,0,0,0,0,0,0,0
1984.5,0,0,0,0,0,0,0,0,0,0,0,0
1984.58333333333,0,0,0,0,0,0,0,0,0,0,0,0
1984.66666666667,0,0,0,0,0,0,0,0,0,0,0,0
1984.75,0,0,0,0,0,0,0,0,0,0,0,0
1984.83333333333,0,0,0,0,0,0,0,0,0,0,0,0
1984.91666666667,0,0,0,0,0,0,0,0,0,0,0,0
1985,0,0,0,0,0,0,0,0,0,0,0,0
1985.08333333333,0,0,0,0,0,0,0,0,0,0,0,0
1985.16666666667,0,0,0,0,0,0,0,0,0,0,0,0
1985.25,0,0,0,0,0,0,0,0,0,0,0,0
1985.33333333333,0,0,0,0,0,0,0,0,0,0,0,0
1985.41666666667,0,0,0,0,0,0,0,0,0,0,0,0
1985.5,0,0,0,0,0,0,0,0,0,0,0,0
1985.58333333333,0,0,0,0,0,0,0,0,0,0,0,0
1985.66666666667,0,0,0,0,0,0,0,0,0,0,0,0
1985.75,0,0,0,0,0,0,0,0,0,0,0,0
1985.83333333333,0,0,0,0,0,0,0,0,0,0,0,0
1985.91666666667,0,0,0,0,0,0,0,0,0,0,0,0
1986,0,0,0,0,0,0,0,0,0,0,0,0
1986.08333333333,0,0,0,0,0,0,0,0,0,0,0,0
1986.16666666667,0,0,0,0,0,0,0,0,0,0,0,0
1986.25,0,0,0,0,0,0,0,0,0,0,0,0
1986.33333333333,0,0,0,0,0,0,0,0,0,0,0,0
1986.41666666667,0,0,0,0,0,0,0,0,0,0,0,0
1986.5,0,0,0,0,0,0,0,0,0,0,0,0
1986.58333333333,0,0,0,0,0,0,0,0,0,0,0,0
1986.66666666667,0,0,0,0,0,0,0,0,0,0,0,0
1986.75,0,0,0,0,0,0,0,0,0,0,0,0
1986.83333333333,0,0,0,0,0,0,0,0,0,0,0,0
1986.91666666667,0,0,0,0,0,0,0,0,0,0,0,0
1987,0,0,0,0,0,0,0,0,0,0,0,0
1987.08333333333,0,0,0,0,0,0,0,0,0,0,0,0
1987.16666666667,0,0,0,0,0,0,0,0,0,0,0,0
1987.25,0,0,0,0,0,0,0,0,0,0,0,0
1987.33333333333,0,0,0,0,0,0,0,0,0,0,0,0
1987.41666666667,0,0,0,0,0,0,0,0,0,0,0,0
1987.5,0,0,0,0,0,0,0,0,0,0,0,0
1987.58333333333,0,0,0,0,0,0,0,0,0,0,0,0
1987.66666666667,0,0,0,0,0,0,0,0,0,0,0,0
1987.75,0,0,0,0,0,0,0,0,0,0,0,0
1987.83333333333,0,0,0,0,0,0,0,0,0,0,0,0
1987.91666666667,0,0,0,0,0,0,0,0,0,0,0,0
1988,0,0,0,0,0,0,0,0,0,0,0,0
1988.08333333333,0,0,0,0,0,0,0,0,0,0,0,0
1988.16666666667,0,0,0,0,0,0,0,0,0,0,0,0
1988.25,0,0,0,0,0,0,0,0,0,0,0,0
1988.33333333333,0,0,0,0,0,0,0,0,0,0,0,0
1988.41666666667,0,0,0,0,0,0,0,0,0,0,0,0
1988.5,0,0,0,0,0,0,0,0,0,0,0,0
1988.58333333333,0,0,0,0,0,0,0,0,0,0,0,0
1988.66666666667,0,0,0,0,0,0,0,0,0,0,0,0
1988.75,0,0,0,0,0,0,0,0,0,0,0,0
1988.83333333333,0,0,0,0,0,0,0,0,0,0,0,0
1988.91666666667,0,0,0,0,0,0,0,0,0,0,0,0
1989,0,0,0,0,0,0,0,0,0,0,0,0
1989.08333333333,0,0,0,0,0,0,0,0,0,0,0,0
1989.16666666667,0,0,0,0,0,0,0,0,0,0,0,0
1989.25,0,0,0,0,0,0,0,0,0,0,0,0
1989.33333333333,0,0,0,0,0,0,0,0,0,0,0,0
1989.41666666667,0,0,0,0,0,0,0,0,0,0,0,0
1989.5,0,0,0,0,0,0,0,0,0,0,0,0
1989.58333333333,0,0,0,0,0,0,0,0,0,0,0,0
1989.66666666667,0,0,0,0,0,0,0,0,0,0,0,0
1989.75,0,0,0,0,0,0,0,0,0,0,0,0
1989.83333333333,0,0,0,0,0,0,0,0,0,0,0,0
1989.91666666667,0,0,0,0,0,0,0,0,0,0,0,0
1990,0,0,0,0,0,0,0,0,0,0,0,0
1990.08333333333,0,0,0,0,0,0,0,0,0,0,0,0
1990.16666666667,0,0,0,0,0,0,0,0,0,0,0,0
1990.25,0,0,0,0,0,0,0,0,0,0,0,0
1990.33333333333,0,0,0,0,0,0,0,0,0,0,0,0
1990.41666666667,0,0,0,0,0,0,0,0,0,0,0,0
1990.5,0,0,0,0,0,0,0,0,0,0,0,0
1990.58333333333,0.364208181886368,0,0,0,0,0.884131455804445,0,0,0.811620441094172,0.797027882312513,0.764721839530905,0.748788382008016
1990.66666666667,0.732450638149638,0,0,0.9098428106609,0.899502872058444,0.96049611575777,0.868223761358516,0.832240817952331,0.921350396474854,0.911565690513293,0.883401924767856,0.87033263010206
1990.75,0.963561160026841,0.972897517129403,0.969843451293268,0.973250465132973,0.968554564346287,0.989749462862007,0.95323374365547,0.932945115899336,0.97408503639105,0.969248860491693,0.95181954485498,0.943544998238784
1990.83333333333,0.989717408616466,0.994451334971036,0.993394282988789,0.994164739963249,0.9926807357713,0.997996595020742,0.987326340661277,0.978979934350981,0.993335835609595,0.991559160314639,0.983551976526019,0.979450558603499
1990.91666666667,0.997637261018751,0.999194872918048,0.998956412209158,0.999074133183893,0.998746265303234,0.999707204037136,0.997405696223846,0.994887927852972,0.99867298532026,0.998185221458061,0.995392076952108,0.993787075747542
1991,0.999548678624012,0.999917873348261,0.99988203100189,0.999893936628358,0.999843126421972,0.999968164783197,0.999601884921205,0.999042757608168,0.999796523991278,0.999696077637981,0.998945839595056,0.99844724892676
1991.08333333333,0.99992700138028,0.999994144258129,0.999990510685649,0.999991273271651,0.999985736358305,0.999997434440067,0.999954444189448,0.999862735302701,0.999976072580128,0.999960513772393,0.999803786753682,0.999680363570926
1991.16666666667,0.999989897906251,0.999999709329246,0.999999458983007,0.999999486216627,0.999999061117434,0.999999847175769,0.999996127891784,0.999984985861792,0.999997848610268,0.99999603202659,0.999970367349919,0.999945952406328
1991.25,0.999998802960296,0.99999998998481,0.999999978201035,0.999999978414977,0.999999955384537,0.999999993285186,0.9999997562305,0.999998750946006,0.999999852429904,0.999999692286651,0.999996376619045,0.999992508780606
1991.33333333333,0.999999879327995,0.999999999761001,0.999999999380609,0.999999999354247,0.999999998472633,0.999999999782724,0.999999988657626,0.999999921142111,0.999999992291371,0.999999981616846,0.999999641867494,0.999999150281286
1991.41666666667,0.999999989751373,0.999999999996056,0.99999999998761,0.999999999986265,0.999999999962392,0.999999999994829,0.999999999610594,0.999999996228132,0.999999999693758,0.999999999155117,0.999999971424401,0.999999921225953
1991.5,0.999999999273834,0.999999999999955,0.999999999999826,0.999999999999793,0.999999999999335,0.99999999999991,0.999999999990148,0.999999999863498,0.999999999990758,0.99999999997016,0.999999998161272,0.999999994037523
1991.58333333333,0.999999999957414,1,0.999999999999998,0.999999999999998,0.999999999999992,0.999999999999999,0.999999999999816,0.999999999996266,0.999999999999788,0.999999999999191,0.999999999904667,0.999999999631836
1991.66666666667,0.999999999997944,1,1,1,1,1,0.999999999999997,0.999999999999923,0.999999999999996,0.999999999999983,0.99999999999602,0.999999999981468
1991.75,0.999999999999919,1,1,1,1,1,1,0.999999999999999,1,1,0.999999999999866,0.99999999999924
1991.83333333333,0.999999999999997,1,1,1,1,1,1,1,1,1,0.999999999999996,0.999999999999975
1991.91666666667,1,1,1,1,1,1,1,1,1,1,1,0.999999999999999
1992,1,1,1,1,1,1,1,1,1,1,1,1
1992.08333333333,1,1,1,1,1,1,1,1,1,1,1,1
1992.16666666667,0.727272727272727,1,1,0,0,0,1,1,1,1,1,1
1992.25,0.727272727272727,1,1,0,0,0,1,1,1,1,1,1
1992.33333333333,0.636363636363636,0,1,0,0,0,1,1,1,1,1,1
1992.41666666667,0.545454545454545,0,0,0,0,0,1,1,1,1,1,1
1992.5,0.545454545454545,0,0,0,0,0,1,1,1,1,1,1
1992.58333333333,0.0909090909090909,0,0,0,0,0,0,0,0,0,1,0
1992.66666666667,0.0909090909090909,0,0,0,0,0,0,0,0,0,1,0
1992.75,0.0909090909090909,0,0,0,0,0,0,0,0,0,1,0
1992.83333333333,0,0,0,0,0,0,0,0,0,0,0,0
1992.91666666667,0,0,0,0,0,0,0,0,0,0,0,0
1993,0,0,0,0,0,0,0,0,0,0,0,0
1993.08333333333,0,0,0,0,0,0,0,0,0,0,0,0
1993.16666666667,0,0,0,0,0,0,0,0,0,0,0,0
1993.25,0,0,0,0,0,0,0,0,0,0,0,0
1993.33333333333,0,0,0,0,0,0,0,0,0,0,0,0
1993.41666666667,0,0,0,0,0,0,0,0,0,0,0,0
1993.5,0,0,0,0,0,0,0,0,0,0,0,0
1993.58333333333,0,0,0,0,0,0,0,0,0,0,0,0
1993.66666666667,0,0,0,0,0,0,0,0,0,0,0,0
1993.75,0,0,0,0,0,0,0,0,0,0,0,0
1993.83333333333,0,0,0,0,0,0,0,0,0,0,0,0
1993.91666666667,0,0,0,0,0,0,0,0,0,0,0,0
1994,0,0,0,0,0,0,0,0,0,0,0,0
1994.08333333333,0,0,0,0,0,0,0,0,0,0,0,0
1994.16666666667,0,0,0,0,0,0,0,0,0,0,0,0
1994.25,0,0,0,0,0,0,0,0,0,0,0,0
1994.33333333333,0,0,0,0,0,0,0,0,0,0,0,0
1994.41666666667,0,0,0,0,0,0,0,0,0,0,0,0
1994.5,0,0,0,0,0,0,0,0,0,0,0,0
1994.58333333333,0,0,0,0,0,0,0,0,0,0,0,0
1994.66666666667,0,0,0,0,0,0,0,0,0,0,0,0
1994.75,0,0,0,0,0,0,0,0,0,0,0,0
1994.83333333333,0,0,0,0,0,0,0,0,0,0,0,0
1994.91666666667,0,0,0,0,0,0,0,0,0,0,0,0
1995,0,0,0,0,0,0,0,0,0,0,0,0
1995.08333333333,0,0,0,0,0,0,0,0,0,0,0,0
1995.16666666667,0,0,0,0,0,0,0,0,0,0,0,0
1995.25,0,0,0,0,0,0,0,0,0,0,0,0
1995.33333333333,0,0,0,0,0,0,0,0,0,0,0,0
1995.41666666667,0,0,0,0,0,0,0,0,0,0,0,0
1995.5,0,0,0,0,0,0,0,0,0,0,0,0
1995.58333333333,0,0,0,0,0,0,0,0,0,0,0,0
1995.66666666667,0,0,0,0,0,0,0,0,0,0,0,0
1995.75,0,0,0,0,0,0,0,0,0,0,0,0
1995.83333333333,0,0,0,0,0,0,0,0,0,0,0,0
1995.91666666667,0,0,0,0,0,0,0,0,0,0,0,0
1996,0,0,0,0,0,0,0,0,0,0,0,0
1996.08333333333,0,0,0,0,0,0,0,0,0,0,0,0
1996.16666666667,0,0,0,0,0,0,0,0,0,0,0,0
1996.25,0,0,0,0,0,0,0,0,0,0,0,0
1996.33333333333,0,0,0,0,0,0,0,0,0,0,0,0
1996.41666666667,0,0,0,0,0,0,0,0,0,0,0,0
1996.5,0,0,0,0,0,0,0,0,0,0,0,0
1996.58333333333,0,0,0,0,0,0,0,0,0,0,0,0
1996.66666666667,0,0,0,0,0,0,0,0,0,0,0,0
1996.75,0,0,0,0,0,0,0,0,0,0,0,0
1996.83333333333,0,0,0,0,0,0,0,0,0,0,0,0
1996.91666666667,0,0,0,0,0,0,0,0,0,0,0,0
1997,0,0,0,0,0,0,0,0,0,0,0,0
1997.08333333333,0,0,0,0,0,0,0,0,0,0,0,0
1997.16666666667,0,0,0,0,0,0,0,0,0,0,0,0
1997.25,0,0,0,0,0,0,0,0,0,0,0,0
1997.33333333333,0,0,0,0,0,0,0,0,0,0,0,0
1997.41666666667,0,0,0,0,0,0,0,0,0,0,0,0
1997.5,0,0,0,0,0,0,0,0,0,0,0,0
1997.58333333333,0,0,0,0,0,0,0,0,0,0,0,0
1997.66666666667,0,0,0,0,0,0,0,0,0,0,0,0
1997.75,0,0,0,0,0,0,0,0,0,0,0,0
1997.83333333333,0,0,0,0,0,0,0,0,0,0,0,0
1997.91666666667,0,0,0,0,0,0,0,0,0,0,0,0
1998,0,0,0,0,0,0,0,0,0,0,0,0
1998.08333333333,0,0,0,0,0,0,0,0,0,0,0,0
1998.16666666667,0,0,0,0,0,0,0,0,0,0,0,0
1998.25,0,0,0,0,0,0,0,0,0,0,0,0
1998.33333333333,0,0,0,0,0,0,0,0,0,0,0,0
1998.41666666667,0,0,0,0,0,0,0,0,0,0,0,0
1998.5,0,0,0,0,0,0,0,0,0,0,0,0
1998.58333333333,0,0,0,0,0,0,0,0,0,0,0,0
1998.66666666667,0,0,0,0,0,0,0,0,0,0,0,0
1998.75,0,0,0,0,0,0,0,0,0,0,0,0
1998.83333333333,0,0,0,0,0,0,0,0,0,0,0,0
1998.91666666667,0,0,0,0,0,0,0,0,0,0,0,0
1999,0,0,0,0,0,0,0,0,0,0,0,0
1999.08333333333,0,0,0,0,0,0,0,0,0,0,0,0
1999.16666666667,0,0,0,0,0,0,0,0,0,0,0,0
1999.25,0,0,0,0,0,0,0,0,0,0,0,0
1999.33333333333,0,0,0,0,0,0,0,0,0,0,0,0
1999.41666666667,0,0,0,0,0,0,0,0,0,0,0,0
1999.5,0,0,0,0,0,0,0,0,0,0,0,0
1999.58333333333,0,0,0,0,0,0,0,0,0,0,0,0
1999.66666666667,0,0,0,0,0,0,0,0,0,0,0,0
1999.75,0,0,0,0,0,0,0,0,0,0,0,0
1999.83333333333,0,0,0,0,0,0,0,0,0,0,0,0
1999.91666666667,0,0,0,0,0,0,0,0,0,0,0,0
2000,0,0,0,0,0,0,0,0,0,0,0,0
2000.08333333333,0,0,0,0,0,0,0,0,0,0,0,0
2000.16666666667,0,0,0,0,0,0,0,0,0,0,0,0
2000.25,0,0,0,0,0,0,0,0,0,0,0,0
2000.33333333333,0,0,0,0,0,0,0,0,0,0,0,0
2000.41666666667,0,0,0,0,0,0,0,0,0,0,0,0
2000.5,0,0,0,0,0,0,0,0,0,0,0,0
2000.58333333333,0,0,0,0,0,0,0,0,0,0,0,0
2000.66666666667,0,0,0,0,0,0,0,0,0,0,0,0
2000.75,0,0,0,0,0,0,0,0,0,0,0,0
2000.83333333333,0,0,0,0,0,0,0,0,0,0,0,0
2000.91666666667,0,0,0,0,0,0,0,0,0,0,0,0
2001,0,0,0,0,0,0,0,0,0,0,0,0
2001.08333333333,0,0,0,0,0,0,0,0,0,0,0,0
2001.16666666667,0.35949085117254,0,0,0,0,0,0,0.832240817952331,0.811620441094172,0.797027882312513,0.764721839530905,0.748788382008016
2001.25,0.489801774465083,0,0,0,0,0,0.868223761358516,0.932945115899336,0.921350396474854,0.911565690513293,0.883401924767856,0.87033263010206
2001.33333333333,0.68677694962235,0,0,0,0.899502872058444,0.884131455804445,0.95323374365547,0.978979934350981,0.97408503639105,0.969248860491693,0.95181954485498,0.943544998238784
2001.41666666667,0.97379511443233,0.972897517129403,0.969843451293268,0.9098428106609,0.968554564346287,0.96049611575777,0.987326340661277,0.994887927852972,0.993335835609595,0.991559160314639,0.983551976526019,0.979450558603499
2001.5,0.993273826821463,0.994451334971036,0.993394282988789,0.973250465132973,0.9926807357713,0.989749462862007,0.997405696223846,0.999042757608168,0.99867298532026,0.998185221458061,0.995392076952108,0.993787075747542
2001.58333333333,0.998673563253583,0.999194872918048,0.998956412209158,0.994164739963249,0.998746265303234,0.997996595020742,0.999601884921205,0.999862735302701,0.999796523991278,0.999696077637981,0.998945839595056,0.99844724892676
2001.66666666667,0.999798594065593,0.999917873348261,0.99988203100189,0.999074133183893,0.999843126421972,0.999707204037136,0.999954444189448,0.999984985861792,0.999976072580128,0.999960513772393,0.999803786753682,0.999680363570926
2001.75,0.999976142904049,0.999994144258129,0.999990510685649,0.999893936628358,0.999985736358305,0.999968164783197,0.999996127891784,0.999998750946006,0.999997848610268,0.99999603202659,0.999970367349919,0.999945952406328
2001.83333333333,0.99999773133002,0.999999709329246,0.999999458983007,0.999991273271651,0.999999061117434,0.999997434440067,0.9999997562305,0.999999921142111,0.999999852429904,0.999999692286651,0.999996376619045,0.999992508780606
2001.91666666667,0.999999818900503,0.99999998998481,0.999999978201035,0.999999486216627,0.999999955384537,0.999999847175769,0.999999988657626,0.999999996228132,0.999999992291371,0.999999981616846,0.999999641867494,0.999999150281286
2002,0.999999987298884,0.999999999761001,0.999999999380609,0.999999978414977,0.999999998472633,0.999999993285186,0.999999999610594,0.999999999863498,0.999999999693758,0.999999999155117,0.999999971424401,0.999999921225953
2002.08333333333,0.999999999202651,0.999999999996056,0.99999999998761,0.999999999354247,0.999999999962392,0.999999999782724,0.999999999990148,0.999999999996266,0.999999999990758,0.99999999997016,0.999999998161272,0.999999994037523
2002.16666666667,0.999999999955948,0.999999999999955,0.999999999999826,0.999999999986265,0.999999999999335,0.999999999994829,0.999999999999816,0.999999999999923,0.999999999999788,0.999999999999191,0.999999999904667,0.999999999631836
2002.25,0.999999999997923,1,0.999999999999998,0.999999999999793,0.999999999999992,0.99999999999991,0.999999999999997,0.999999999999999,0.999999999999996,0.999999999999983,0.99999999999602,0.999999999981468
2002.33333333333,0.999999999999918,1,1,0.999999999999998,1,0.999999999999999,1,1,1,1,0.999999999999866,0.99999999999924
2002.41666666667,0.999999999999997,1,1,1,1,1,1,1,1,1,0.999999999999996,0.999999999999975
2002.5,1,1,1,1,1,1,1,1,1,1,1,0.999999999999999
2002.58333333333,1,1,1,1,1,1,1,1,1,1,1,1
2002.66666666667,0.636363636363636,0,1,0,0,0,1,1,1,1,1,1
2002.75,0.636363636363636,0,1,0,0,0,1,1,1,1,1,1
2002.83333333333,0.636363636363636,0,1,0,0,0,1,1,1,1,1,1
2002.91666666667,0.636363636363636,0,1,0,0,0,1,1,1,1,1,1
2003,0.636363636363636,0,1,0,0,0,1,1,1,1,1,1
2003.08333333333,0.636363636363636,0,1,0,0,0,1,1,1,1,1,1
2003.16666666667,0.636363636363636,0,1,0,0,0,1,1,1,1,1,1
2003.25,0.636363636363636,0,1,0,0,0,1,1,1,1,1,1
2003.33333333333,0.636363636363636,0,1,0,0,0,1,1,1,1,1,1
2003.41666666667,0.636363636363636,0,1,0,0,0,1,1,1,1,1,1
2003.5,0.636363636363636,0,1,0,0,0,1,1,1,1,1,1
2003.58333333333,0.636363636363636,0,1,0,0,0,1,1,1,1,1,1
2003.66666666667,0.636363636363636,0,1,0,0,0,1,1,1,1,1,1
2003.75,0.636363636363636,0,1,0,0,0,1,1,1,1,1,1
2003.83333333333,0.636363636363636,0,1,0,0,0,1,1,1,1,1,1
2003.91666666667,0,0,0,0,0,0,0,0,0,0,0,0
2004,0,0,0,0,0,0,0,0,0,0,0,0
2004.08333333333,0,0,0,0,0,0,0,0,0,0,0,0
2004.16666666667,0,0,0,0,0,0,0,0,0,0,0,0
2004.25,0,0,0,0,0,0,0,0,0,0,0,0
2004.33333333333,0,0,0,0,0,0,0,0,0,0,0,0
2004.41666666667,0,0,0,0,0,0,0,0,0,0,0,0
2004.5,0,0,0,0,0,0,0,0,0,0,0,0
2004.58333333333,0,0,0,0,0,0,0,0,0,0,0,0
2004.66666666667,0,0,0,0,0,0,0,0,0,0,0,0
2004.75,0,0,0,0,0,0,0,0,0,0,0,0
2004.83333333333,0,0,0,0,0,0,0,0,0,0,0,0
2004.91666666667,0,0,0,0,0,0,0,0,0,0,0,0
2005,0,0,0,0,0,0,0,0,0,0,0,0
2005.08333333333,0,0,0,0,0,0,0,0,0,0,0,0
2005.16666666667,0,0,0,0,0,0,0,0,0,0,0,0
2005.25,0,0,0,0,0,0,0,0,0,0,0,0
2005.33333333333,0,0,0,0,0,0,0,0,0,0,0,0
2005.41666666667,0,0,0,0,0,0,0,0,0,0,0,0
2005.5,0,0,0,0,0,0,0,0,0,0,0,0
2005.58333333333,0,0,0,0,0,0,0,0,0,0,0,0
2005.66666666667,0,0,0,0,0,0,0,0,0,0,0,0
2005.75,0,0,0,0,0,0,0,0,0,0,0,0
2005.83333333333,0,0,0,0,0,0,0,0,0,0,0,0
2005.91666666667,0,0,0,0,0,0,0,0,0,0,0,0
2006,0,0,0,0,0,0,0,0,0,0,0,0
2006.08333333333,0,0,0,0,0,0,0,0,0,0,0,0
2006.16666666667,0,0,0,0,0,0,0,0,0,0,0,0
2006.25,0,0,0,0,0,0,0,0,0,0,0,0
2006.33333333333,0,0,0,0,0,0,0,0,0,0,0,0
2006.41666666667,0,0,0,0,0,0,0,0,0,0,0,0
2006.5,0,0,0,0,0,0,0,0,0,0,0,0
2006.58333333333,0,0,0,0,0,0,0,0,0,0,0,0
2006.66666666667,0,0,0,0,0,0,0,0,0,0,0,0
2006.75,0,0,0,0,0,0,0,0,0,0,0,0
2006.83333333333,0,0,0,0,0,0,0,0,0,0,0,0
2006.91666666667,0,0,0,0,0,0,0,0,0,0,0,0
2007,0,0,0,0,0,0,0,0,0,0,0,0
2007.08333333333,0,0,0,0,0,0,0,0,0,0,0,0
2007.16666666667,0,0,0,0,0,0,0,0,0,0,0,0
2007.25,0,0,0,0,0,0,0,0,0,0,0,0
2007.33333333333,0,0,0,0,0,0,0,0,0,0,0,0
2007.41666666667,0,0,0,0,0,0,0,0,0,0,0,0
2007.5,0,0,0,0,0,0,0,0,0,0,0,0
2007.58333333333,0,0,0,0,0,0,0,0,0,0,0,0
2007.66666666667,0,0,0,0,0,0,0,0,0,0,0,0
2007.75,0,0,0,0,0,0,0,0,0,0,0,0
2007.83333333333,0,0,0,0,0,0,0,0,0,0,0,0
2007.91666666667,0,0,0,0,0,0,0,0,0,0,0,0
2008,0,0,0,0,0,0,0,0,0,0,0,0
2008.08333333333,0,0,0,0,0,0,0,0,0,0,0,0
2008.16666666667,0.283832594995055,0,0,0,0,0,0,0,0.811620441094172,0.797027882312513,0.764721839530905,0.748788382008016
2008.25,0.480646838288083,0,0,0,0,0,0.868223761358516,0.832240817952331,0.921350396474854,0.911565690513293,0.883401924767856,0.87033263010206
2008.33333333333,0.7653049489141,0,0,0.9098428106609,0.899502872058444,0.884131455804445,0.95323374365547,0.932945115899336,0.97408503639105,0.969248860491693,0.95181954485498,0.943544998238784
2008.41666666667,0.97811326542961,0.972897517129403,0.969843451293268,0.973250465132973,0.968554564346287,0.96049611575777,0.987326340661277,0.978979934350981,0.993335835609595,0.991559160314639,0.983551976526019,0.979450558603499
2008.5,0.994797412737379,0.994451334971036,0.993394282988789,0.994164739963249,0.9926807357713,0.989749462862007,0.997405696223846,0.994887927852972,0.99867298532026,0.998185221458061,0.995392076952108,0.993787075747542
2008.58333333333,0.999045328301411,0.999194872918048,0.998956412209158,0.999074133183893,0.998746265303234,0.997996595020742,0.999601884921205,0.999042757608168,0.999796523991278,0.999696077637981,0.998945839595056,0.99844724892676
2008.66666666667,0.999862007964263,0.999917873348261,0.99988203100189,0.999893936628358,0.999843126421972,0.999707204037136,0.999954444189448,0.999862735302701,0.999976072580128,0.999960513772393,0.999803786753682,0.999680363570926
2008.75,0.99998374031851,0.999994144258129,0.999990510685649,0.999991273271651,0.999985736358305,0.999968164783197,0.999996127891784,0.999984985861792,0.999997848610268,0.99999603202659,0.999970367349919,0.999945952406328
2008.83333333333,0.999998371579918,0.999999709329246,0.999999458983007,0.999999486216627,0.999999061117434,0.999997434440067,0.9999997562305,0.999998750946006,0.999999852429904,0.999999692286651,0.999996376619045,0.999992508780606
2008.91666666667,0.999999856819806,0.99999998998481,0.999999978201035,0.999999978414977,0.999999955384537,0.999999847175769,0.999999988657626,0.999999921142111,0.999999992291371,0.999999981616846,0.999999641867494,0.999999150281286
2009,0.999999988871967,0.999999999761001,0.999999999380609,0.999999999354247,0.999999998472633,0.999999993285186,0.999999999610594,0.999999996228132,0.999999999693758,0.999999999155117,0.999999971424401,0.999999921225953
2009.08333333333,0.999999999248037,0.999999999996056,0.99999999998761,0.999999999986265,0.999999999962392,0.999999999782724,0.999999999990148,0.999999999863498,0.999999999990758,0.99999999997016,0.999999998161272,0.999999994037523
2009.16666666667,0.999999999956846,0.999999999999955,0.999999999999826,0.999999999999793,0.999999999999335,0.999999999994829,0.999999999999816,0.999999999996266,0.999999999999788,0.999999999999191,0.999999999904667,0.999999999631836
2009.25,0.999999999997935,1,0.999999999999998,0.999999999999998,0.999999999999992,0.99999999999991,0.999999999999997,0.999999999999923,0.999999999999996,0.999999999999983,0.99999999999602,0.999999999981468
2009.33333333333,0.999999999999919,1,1,1,1,0.999999999999999,1,0.999999999999999,1,1,0.999999999999866,0.99999999999924
2009.41666666667,0.999999999999997,1,1,1,1,1,1,1,1,1,0.999999999999996,0.999999999999975
2009.5,1,1,1,1,1,1,1,1,1,1,1,0.999999999999999
2009.58333333333,1,1,1,1,1,1,1,1,1,1,1,1
2009.66666666667,1,1,1,1,1,1,1,1,1,1,1,1
2009.75,1,1,1,1,1,1,1,1,1,1,1,1
2009.83333333333,1,1,1,1,1,1,1,1,1,1,1,1
2009.91666666667,1,1,1,1,1,1,1,1,1,1,1,1
2010,0.545454545454545,0,1,0,0,0,1,0,1,1,1,1
2010.08333333333,0.0909090909090909,0,0,0,0,0,0,0,0,0,1,0
2010.16666666667,0,0,0,0,0,0,0,0,0,0,0,0
2010.25,0,0,0,0,0,0,0,0,0,0,0,0
2010.33333333333,0,0,0,0,0,0,0,0,0,0,0,0
2010.41666666667,0,0,0,0,0,0,0,0,0,0,0,0
2010.5,0,0,0,0,0,0,0,0,0,0,0,0
2010.58333333333,0,0,0,0,0,0,0,0,0,0,0,0
2010.66666666667,0,0,0,0,0,0,0,0,0,0,0,0
2010.75,0,0,0,0,0,0,0,0,0,0,0,0
2010.83333333333,0,0,0,0,0,0,0,0,0,0,0,0
2010.91666666667,0,0,0,0,0,0,0,0,0,0,0,0
2011,0,0,0,0,0,0,0,0,0,0,0,0
2011.08333333333,0,0,0,0,0,0,0,0,0,0,0,0
2011.16666666667,0,0,0,0,0,0,0,0,0,0,0,0
2011.25,0,0,0,0,0,0,0,0,0,0,0,0
2011.33333333333,0,0,0,0,0,0,0,0,0,0,0,0
2011.41666666667,0,0,0,0,0,0,0,0,0,0,0,0
2011.5,0,0,0,0,0,0,0,0,0,0,0,0
2011.58333333333,0,0,0,0,0,0,0,0,0,0,0,0
2011.66666666667,0,0,0,0,0,0,0,0,0,0,0,0
2011.75,0,0,0,0,0,0,0,0,0,0,0,0
2011.83333333333,0,0,0,0,0,0,0,0,0,0,0,0
2011.91666666667,0,0,0,0,0,0,0,0,0,0,0,0
2012,0,0,0,0,0,0,0,0,0,0,0,0
2012.08333333333,0,0,0,0,0,0,0,0,0,0,0,0
2012.16666666667,0,0,0,0,0,0,0,0,0,0,0,0
2012.25,0,0,0,0,0,0,0,0,0,0,0,0
2012.33333333333,0,0,0,0,0,0,0,0,0,0,0,0
2012.41666666667,0,0,0,0,0,0,0,0,0,0,0,0
2012.5,0,0,0,0,0,0,0,0,0,0,0,0
2012.58333333333,0,0,0,0,0,0,0,0,0,0,0,0
2012.66666666667,0,0,0,0,0,0,0,0,0,0,0,0
2012.75,0,0,0,0,0,0,0,0,0,0,0,0
2012.83333333333,0,0,0,0,0,0,0,0,0,0,0,0
2012.91666666667,0,0,0,0,0,0,0,0,0,0,0,0
2013,0,0,0,0,0,0,0,0,0,0,0,0
2013.08333333333,0,0,0,0,0,0,0,0,0,0,0,0
2013.16666666667,0,0,0,0,0,0,0,0,0,0,0,0
2013.25,0,0,0,0,0,0,0,0,0,0,0,0
2013.33333333333,0,0,0,0,0,0,0,0,0,0,0,0
2013.41666666667,0,0,0,0,0,0,0,0,0,0,0,0
2013.5,0,0,0,0,0,0,0,0,0,0,0,0
2013.58333333333,0,0,0,0,0,0,0,0,0,0,0,0
2013.66666666667,0,0,0,0,0,0,0,0,0,0,0,0
2013.75,0,0,0,0,0,0,0,0,0,0,0,0
2013.83333333333,0,0,0,0,0,0,0,0,0,0,0,0
2013.91666666667,0,0,0,0,0,0,0,0,0,0,0,0
2014,0,0,0,0,0,0,0,0,0,0,0,0
2014.08333333333,0,0,0,0,0,0,0,0,0,0,0,0
2014.16666666667,0,0,0,0,0,0,0,0,0,0,0,0
2014.25,0,0,0,0,0,0,0,0,0,0,0,0
2014.33333333333,0,0,0,0,0,0,0,0,0,0,0,0
2014.41666666667,0,0,0,0,0,0,0,0,0,0,0,0
2014.5,0,0,0,0,0,0,0,0,0,0,0,0
2014.58333333333,0,0,0,0,0,0,0,0,0,0,0,0
2014.66666666667,0,0,0,0,0,0,0,0,0,0,0,0
2014.75,0,0,0,0,0,0,0,0,0,0,0,0
2014.83333333333,0,0,0,0,0,0,0,0,0,0,0,0
2014.91666666667,0,0,0,0,0,0,0,0,0,0,0,0
2015,0,0,0,0,0,0,0,0,0,0,0,0
2015.08333333333,0,0,0,0,0,0,0,0,0,0,0,0
2015.16666666667,0,0,0,0,0,0,0,0,0,0,0,0
2015.25,0,0,0,0,0,0,0,0,0,0,0,0
2015.33333333333,0,0,0,0,0,0,0,0,0,0,0,0
2015.41666666667,0,0,0,0,0,0,0,0,0,0,0,0
2015.5,0,0,0,0,0,0,0,0,0,0,0,0
2015.58333333333,0,0,0,0,0,0,0,0,0,0,0,0
2015.66666666667,0,0,0,0,0,0,0,0,0,0,0,0
2015.75,0,0,0,0,0,0,0,0,0,0,0,0
2015.83333333333,0,0,0,0,0,0,0,0,0,0,0,0
2015.91666666667,0,0,0,0,0,0,0,0,0,0,0,0
2016,0,0,0,0,0,0,0,0,0,0,0,0
2016.08333333333,0,0,0,0,0,0,0,0,0,0,0,0
2016.16666666667,0,0,0,0,0,0,0,0,0,0,0,0
2016.25,0,0,0,0,0,0,0,0,0,0,0,0
2016.33333333333,0,0,0,0,0,0,0,0,0,0,0,0
2016.41666666667,0,0,0,0,0,0,0,0,0,0,0,0
2016.5,0,0,0,0,0,0,0,0,0,0,0,0
2016.58333333333,0,0,0,0,0,0,0,0,0,0,0,0
2016.66666666667,0,0,0,0,0,0,0,0,0,0,0,0
2016.75,0,0,0,0,0,0,0,0,0,0,0,0
2016.83333333333,0,0,0,0,0,0,0,0,0,0,0,0
2016.91666666667,0,0,0,0,0,0,0,0,0,0,0,0
2017,0,0,0,0,0,0,0,0,0,0,0,0
2017.08333333333,0,0,0,0,0,0,0,0,0,0,0,0
2017.16666666667,0,0,0,0,0,0,0,0,0,0,0,0
2017.25,0,0,0,0,0,0,0,0,0,0,0,0
2017.33333333333,0,0,0,0,0,0,0,0,0,0,0,0
2017.41666666667,0,0,0,0,0,0,0,0,0,0,0,0
2017.5,0,0,0,0,0,0,0,0,0,0,0,0
2017.58333333333,0,0,0,0,0,0,0,0,0,0,0,0
2017.66666666667,0,0,0,0,0,0,0,0,0,0,0,0
2017.75,0,0,0,0,0,0,0,0,0,0,0,0
2017.83333333333,0,0,0,0,0,0,0,0,0,0,0,0
2017.91666666667,0,0,0,0,0,0,0,0,0,0,0,0
2018,0,0,0,0,0,0,0,0,0,0,0,0
2018.08333333333,0,0,0,0,0,0,0,0,0,0,0,0
2018.16666666667,0,0,0,0,0,0,0,0,0,0,0,0
2018.25,0,0,0,0,0,0,0,0,0,0,0,0
2018.33333333333,0,0,0,0,0,0,0,0,0,0,0,0
2018.41666666667,0,0,0,0,0,0,0,0,0,0,0,0
2018.5,0,0,0,0,0,0,0,0,0,0,0,0
2018.58333333333,0,0,0,0,0,0,0,0,0,0,0,0
2018.66666666667,0,0,0,0,0,0,0,0,0,0,0,0
2018.75,0,0,0,0,0,0,0,0,0,0,0,0
2018.83333333333,0,0,0,0,0,0,0,0,0,0,0,0
2018.91666666667,0,0,0,0,0,0,0,0,0,0,0,0
2019,0,0,0,0,0,0,0,0,0,0,0,0
2019.08333333333,0,0,0,0,0,0,0,0,0,0,0,0
2019.16666666667,0,0,0,0,0,0,0,0,0,0,0,0
2019.25,0,0,0,0,0,0,0,0,0,0,0,0
2019.33333333333,0,0,0,0,0,0,0,0,0,0,0,0
2019.41666666667,0,0,0,0,0,0,0,0,0,0,0,0
2019.5,0,0,0,0,0,0,0,0,0,0,0,0
2019.58333333333,0,0,0,0,0,0,0,0,0,0,0,0
2019.66666666667,0,0,0,0,0,0,0,0,0,0,0,0
2019.75,0,0,0,0,0,0,0,0,0,0,0,0
2019.83333333333,0,0,0,0,0,0,0,0,0,0,0,0
2019.91666666667,0,0,0,0,0,0,0,0,0,0,0,0
2020,0,0,0,0,0,0,0,0,0,0,0,0
2020.08333333333,0,0,0,0,0,0,0,0,0,0,0,0
2020.16666666667,0.210048918531948,0,0,0,0,0,0,0,0,0.797027882312513,0.764721839530905,0.748788382008016
2020.25,0.715532945846547,0,0,0.9098428106609,0.899502872058444,0.884131455804445,0.868223761358516,0.832240817952331,0.811620441094172,0.911565690513293,0.883401924767856,0.87033263010206
2020.33333333333,0.956107706661347,0.972897517129403,0.969843451293268,0.973250465132973,0.968554564346287,0.96049611575777,0.95323374365547,0.932945115899336,0.921350396474854,0.969248860491693,0.95181954485498,0.943544998238784
2020.41666666667,0.987217596673077,0.994451334971036,0.993394282988789,0.994164739963249,0.9926807357713,0.989749462862007,0.987326340661277,0.978979934350981,0.97408503639105,0.991559160314639,0.983551976526019,0.979450558603499
2020.5,0.996996555679927,0.999194872918048,0.998956412209158,0.999074133183893,0.998746265303234,0.997996595020742,0.997405696223846,0.994887927852972,0.993335835609595,0.998185221458061,0.995392076952108,0.993787075747542
2020.58333333333,0.999422815040641,0.999917873348261,0.99988203100189,0.999893936628358,0.999843126421972,0.999707204037136,0.999601884921205,0.999042757608168,0.99867298532026,0.999696077637981,0.998945839595056,0.99844724892676
2020.66666666667,0.727185729320382,0.999994144258129,0.999990510685649,0,0,0,0.999954444189448,0.999862735302701,0.999796523991278,0.999960513772393,0.999803786753682,0.999680363570926
2020.75,0.63635172700905,0,0.999999458983007,0,0,0,0.999996127891784,0.999984985861792,0.999976072580128,0.99999603202659,0.999970367349919,0.999945952406328
2020.83333333333,0.636362264697647,0,0.999999978201035,0,0,0,0.9999997562305,0.999998750946006,0.999997848610268,0.999999692286651,0.999996376619045,0.999992508780606
2020.91666666667,0.363636251129387,0,0,0,0,0,0.999999988657626,0,0,0.999999981616846,0.999999641867494,0.999999150281286
2021,0.0909090908736904,0,0,0,0,0,0.999999999610594,0,0,0,0,0
2021.08333333333,0,0,0,0,0,0,0,0,0,0,0,0
2021.16666666667,0,0,0,0,0,0,0,0,0,0,0,0
2021.25,0,0,0,0,0,0,0,0,0,0,0,0
2021.33333333333,0,0,0,0,0,0,0,0,0,0,0,0
2021.41666666667,0,0,0,0,0,0,0,0,0,0,0,0
2021.5,0,0,0,0,0,0,0,0,0,0,0,0
2021.58333333333,0,0,0,0,0,0,0,0,0,0,0,0
2021.66666666667,0,0,0,0,0,0,0,0,0,0,0,0
2021.75,0,0,0,0,0,0,0,0,0,0,0,0
2021.83333333333,0,0,0,0,0,0,0,0,0,0,0,0
2021.91666666667,0,0,0,0,0,0,0,0,0,0,0,0
2022,0,0,0,0,0,0,0,0,0,0,0,0
2022.08333333333,0,0,0,0,0,0,0,0,0,0,0,0
2022.16666666667,0,0,0,0,0,0,0,0,0,0,0,0
2022.25,0,0,0,0,0,0,0,0,0,0,0,0
2022.33333333333,0,0,0,0,0,0,0,0,0,0,0,0
2022.41666666667,0,0,0,0,0,0,0,0,0,0,0,0
2022.5,0,0,0,0,0,0,0,0,0,0,0,0
2022.58333333333,0,0,0,0,0,0,0,0,0,0,0,0
2022.66666666667,0,0,0,0,0,0,0,0,0,0,0,0
2022.75,0,0,0,0,0,0,0,0,0,0,0,0
2022.83333333333,0,0,0,0,0,0,0,0,0,0,0,0
2022.91666666667,0,0,0,0,0,0,0,0,0,0,0,0
2023,0,0,0,0,0,0,0,0,0,0,0,0
2023.08333333333,0,0,0,0,0,0,0,0,0,0,0,0
2023.16666666667,0,0,0,0,0,0,0,0,0,0,0,0
2023.25,0,0,0,0,0,0,0,0,0,0,0,0
2023.33333333333,0,0,0,0,0,0,0,0,0,0,0,0
2023.41666666667,0,0,0,0,0,0,0,0,0,0,0,0
2023.5,0,0,0,0,0,0,0,0,0,0,0,0
2023.58333333333,0,0,0,0,0,0,0,0,0,0,0,0
2023.66666666667,0.0695201672300823,0,0,0,0,0,0,0,0,0,0.764721839530905,0
2023.75,0.370279949830444,0,0,0,0,0,0,0.832240817952331,0.811620441094172,0.797027882312513,0.883401924767856,0.748788382008016
2023.83333333333,0.417092125258593,0,0,0,0,0,0,0.932945115899336,0.921350396474854,0.911565690513293,0.95181954485498,0.87033263010206
2023.91666666667,0.440855527818048,0,0,0,0,0,0,0.978979934350981,0.97408503639105,0.969248860491693,0.983551976526019,0.943544998238784
2024,0.450420505393892,0,0,0,0,0,0,0.994887927852972,0.993335835609595,0.991559160314639,0.995392076952108,0.979450558603499
2024.08333333333,0.453512170884462,0,0,0,0,0,0,0.999042757608168,0.99867298532026,0.998185221458061,0.998945839595056,0.993787075747542
2024.16666666667,0.454327852055673,0,0,0,0,0,0,0.999862735302701,0.999796523991278,0.999696077637981,0.999803786753682,0.99844724892676
2024.25,0.454506573012287,0,0,0,0,0,0,0.999984985861792,0.999976072580128,0.999960513772393,0.999970367349919,0.999680363570926
2024.33333333333,0.454539541873476,0,0,0,0,0,0,0.999998750946006,0.999997848610268,0.99999603202659,0.999996376619045,0.999945952406328
2024.41666666667,0.616693267669969,0,0,0,0.899502872058444,0.884131455804445,0,0.999999921142111,0.999999852429904,0.999999692286651,0.999999641867494,0.999992508780606
2024.5,0.791556031269592,0,0,0.9098428106609,0.968554564346287,0.96049611575777,0.868223761358516,0.999999996228132,0.999999992291371,0.999999981616846,0.999999971424401,0.999999150281286
2024.58333333333,0.986514117631274,0.972897517129403,0.969843451293268,0.973250465132973,0.9926807357713,0.989749462862007,0.95323374365547,0.999999999863498,0.999999999693758,0.999999999155117,0.999999998161272,0.999999921225953
2024.66666666667,0.996916322982518,0.994451334971036,0.993394282988789,0.994164739963249,0.998746265303234,0.997996595020742,0.987326340661277,0.999999999996266,0.999999999990758,0.99999999997016,0.999999999904667,0.999999994037523
2024.75,0.999471040420074,0.999194872918048,0.998956412209158,0.999074133183893,0.999843126421972,0.999707204037136,0.997405696223846,0.999999999999923,0.999999999999788,0.999999999999191,0.99999999999602,0.999999999631836
2024.83333333333,0.999931784274776,0.999917873348261,0.99988203100189,0.999893936628358,0.999985736358305,0.999968164783197,0.999601884921205,0.999999999999999,0.999999999999996,0.999999999999983,0.999999999999866,0.999999999981468
2024.91666666667,0.727267190830224,0.999994144258129,0.999990510685649,0,0,0,0.999954444189448,1,1,1,0.999999999999996,0.99999999999924
2025,0.72727229965491,0.999999709329246,0.999999458983007,0,0,0,0.999996127891784,1,1,1,1,0.999999999999975
2025.08333333333,0.727272702219668,0.99999998998481,0.999999978201035,0,0,0,0.9999997562305,1,1,1,1,0.999999999999999
2025.16666666667,0.636363635276203,0,0.999999999380609,0,0,0,0.999999988657626,1,1,1,1,1
2025.25,0.636363636327109,0,0.99999999998761,0,0,0,0.999999999610594,1,1,1,1,1
2025.33333333333,0.636363636362725,0,0.999999999999826,0,0,0,0.999999999990148,1,1,1,1,1
2025.41666666667,0.63636363636362,0,0.999999999999998,0,0,0,0.999999999999816,1,1,1,1,1
2025.5,0.636363636363636,0,1,0,0,0,0.999999999999997,1,1,1,1,1
2025.58333333333,0.636363636363636,0,1,0,0,0,1,1,1,1,1,1
