Year,Mean recession probability,Recession probability from classifier 1,Recession probability from classifier 2,Recession probability from classifier 3,Recession probability from classifier 4,Recession probability from classifier 5,Recession probability from classifier 6,Recession probability from classifier 7,Recession probability from classifier 8,Recession probability from classifier 9,Recession probability from classifier 10
1929.25,0,0,0,0,0,0,0,0,0,0,0
1929.33333333333,0,0,0,0,0,0,0,0,0,0,0
1929.41666666667,0,0,0,0,0,0,0,0,0,0,0
1929.5,0,0,0,0,0,0,0,0,0,0,0
1929.58333333333,0,0,0,0,0,0,0,0,0,0,0
1929.66666666667,0,0,0,0,0,0,0,0,0,0,0
1929.75,0,0,0,0,0,0,0,0,0,0,0
1929.83333333333,0,0,0,0,0,0,0,0,0,0,0
1929.91666666667,0,0,0,0,0,0,0,0,0,0,0
1930,0,0,0,0,0,0,0,0,0,0,0
1930.08333333333,0.86822195509402,0.9706591601359,0.966880237500211,0.951833791166431,0.896210778832188,0.877535610881994,0.857475296298717,0.839079102272313,0.798511004773121,0.778860308046386,0.745174261032943
1930.16666666667,0.94163141220976,0.993569458430689,0.99217207768547,0.987226760579953,0.965648212838574,0.955379177002919,0.945595284979758,0.934165991988632,0.901905565862625,0.886362252500035,0.854289340228943
1930.25,0.977260098596064,0.998980922001455,0.99863622364902,0.997469886630016,0.991354859703555,0.987326340661279,0.983745277677159,0.978537206516038,0.959824889987276,0.950165856708142,0.926559522426702
1930.33333333333,0.992096557875487,0.999884129671264,0.999826170071623,0.999628651008792,0.998362051258548,0.99722054018647,0.996236842416778,0.994478100867245,0.986266957910028,0.981488980283806,0.967573155080317
1930.41666666667,0.99752796284372,0.999990598905977,0.999983874965478,0.999959840962108,0.999767981233963,0.999532486823681,0.999329679441387,0.998886595274945,0.996104560525137,0.994208134886067,0.987515875418454
1930.5,0.999303540715023,0.999999457834793,0.999998915521226,0.999996812973923,0.99997554885628,0.999939978159048,0.999908594683509,0.999824928271589,0.999087025825727,0.998479856744913,0.995824288279222
1930.58333333333,0.999824114487566,0.999999977839064,0.999999947268652,0.999999814946616,0.99999808982897,0.999994138944265,0.999990493618591,0.999978611002774,0.99982377425966,0.999666372802892,0.998789924364176
1930.66666666667,0.999960448990916,0.99999999935936,0.999999998150188,0.999999992155828,0.999999889671736,0.999999565838596,0.999999247995757,0.999997975160004,0.999972054020758,0.999938919662666,0.99969684789427
1930.75,0.999992128875173,0.999999999986923,0.99999999995326,0.999999999757678,0.999999995298167,0.999999975651807,0.999999954847557,0.999999851777231,0.999996366030393,0.99999068912379,0.999934456324923
1930.83333333333,0.999998620824116,0.999999999999812,0.99999999999915,0.999999999994552,0.999999999852383,0.999999998967833,0.999999997945534,0.999999991623454,0.999999613093126,0.999998819983354,0.99998778678196
1930.91666666667,0.999999788244155,0.999999999999998,0.999999999999989,0.999999999999911,0.99999999999659,0.999999999966965,0.99999999992925,0.999999999635001,0.999999966311706,0.999999875810944,0.999998040791198
1931,0.999999971641558,1,1,0.999999999999999,0.999999999999942,0.999999999999203,0.999999999998158,0.999999999987749,0.999999997603465,0.99999998915664,0.999999729670426
1931.08333333333,0.999999996701669,1,1,1,0.999999999999999,0.999999999999985,0.999999999999964,0.999999999999684,0.999999999860818,0.999999999215138,0.999999967941097
1931.16666666667,0.99999999966806,1,1,1,1,1,0.999999999999999,0.999999999999994,0.999999999993405,0.999999999952935,0.999999996734269
1931.25,0.99999999997118,1,1,1,1,1,1,1,0.999999999999745,0.999999999997663,0.999999999714395
1931.33333333333,0.699999999997846,0,1,1,0,0,1,1,0.999999999999992,0.999999999999904,0.999999999978565
1931.41666666667,0.699999999999862,0,1,1,0,0,1,1,1,0.999999999999997,0.99999999999862
1931.5,0.699999999999992,0,1,1,0,0,1,1,1,1,0.999999999999924
1931.58333333333,0.7,0,1,1,0,0,1,1,1,1,0.999999999999996
1931.66666666667,0.7,0,1,1,0,0,1,1,1,1,1
1931.75,0.7,0,1,1,0,0,1,1,1,1,1
1931.83333333333,0.7,0,1,1,0,0,1,1,1,1,1
1931.91666666667,0.7,0,1,1,0,0,1,1,1,1,1
1932,0.7,0,1,1,0,0,1,1,1,1,1
1932.08333333333,0.7,0,1,1,0,0,1,1,1,1,1
1932.16666666667,0.7,0,1,1,0,0,1,1,1,1,1
1932.25,0.7,0,1,1,0,0,1,1,1,1,1
1932.33333333333,0.7,0,1,1,0,0,1,1,1,1,1
1932.41666666667,0.7,0,1,1,0,0,1,1,1,1,1
1932.5,0.7,0,1,1,0,0,1,1,1,1,1
1932.58333333333,0.7,0,1,1,0,0,1,1,1,1,1
1932.66666666667,0.7,0,1,1,0,0,1,1,1,1,1
1932.75,0.7,0,1,1,0,0,1,1,1,1,1
1932.83333333333,0.7,0,1,1,0,0,1,1,1,1,1
1932.91666666667,0.7,0,1,1,0,0,1,1,1,1,1
1933,0.7,0,1,1,0,0,1,1,1,1,1
1933.08333333333,0.5,0,1,1,0,0,1,0,1,0,1
1933.16666666667,0.4,0,0,1,0,0,1,0,1,0,1
1933.25,0.2,0,0,0,0,0,1,0,0,0,1
1933.33333333333,0.1,0,0,0,0,0,0,0,0,0,1
1933.41666666667,0,0,0,0,0,0,0,0,0,0,0
1933.5,0,0,0,0,0,0,0,0,0,0,0
1933.58333333333,0,0,0,0,0,0,0,0,0,0,0
1933.66666666667,0,0,0,0,0,0,0,0,0,0,0
1933.75,0,0,0,0,0,0,0,0,0,0,0
1933.83333333333,0,0,0,0,0,0,0,0,0,0,0
1933.91666666667,0,0,0,0,0,0,0,0,0,0,0
1934,0,0,0,0,0,0,0,0,0,0,0
1934.08333333333,0,0,0,0,0,0,0,0,0,0,0
1934.16666666667,0,0,0,0,0,0,0,0,0,0,0
1934.25,0,0,0,0,0,0,0,0,0,0,0
1934.33333333333,0,0,0,0,0,0,0,0,0,0,0
1934.41666666667,0,0,0,0,0,0,0,0,0,0,0
1934.5,0,0,0,0,0,0,0,0,0,0,0
1934.58333333333,0,0,0,0,0,0,0,0,0,0,0
1934.66666666667,0,0,0,0,0,0,0,0,0,0,0
1934.75,0,0,0,0,0,0,0,0,0,0,0
1934.83333333333,0,0,0,0,0,0,0,0,0,0,0
1934.91666666667,0,0,0,0,0,0,0,0,0,0,0
1935,0,0,0,0,0,0,0,0,0,0,0
1935.08333333333,0,0,0,0,0,0,0,0,0,0,0
1935.16666666667,0,0,0,0,0,0,0,0,0,0,0
1935.25,0,0,0,0,0,0,0,0,0,0,0
1935.33333333333,0,0,0,0,0,0,0,0,0,0,0
1935.41666666667,0,0,0,0,0,0,0,0,0,0,0
1935.5,0,0,0,0,0,0,0,0,0,0,0
1935.58333333333,0,0,0,0,0,0,0,0,0,0,0
1935.66666666667,0,0,0,0,0,0,0,0,0,0,0
1935.75,0,0,0,0,0,0,0,0,0,0,0
1935.83333333333,0,0,0,0,0,0,0,0,0,0,0
1935.91666666667,0,0,0,0,0,0,0,0,0,0,0
1936,0,0,0,0,0,0,0,0,0,0,0
1936.08333333333,0,0,0,0,0,0,0,0,0,0,0
1936.16666666667,0,0,0,0,0,0,0,0,0,0,0
1936.25,0,0,0,0,0,0,0,0,0,0,0
1936.33333333333,0,0,0,0,0,0,0,0,0,0,0
1936.41666666667,0,0,0,0,0,0,0,0,0,0,0
1936.5,0,0,0,0,0,0,0,0,0,0,0
1936.58333333333,0,0,0,0,0,0,0,0,0,0,0
1936.66666666667,0,0,0,0,0,0,0,0,0,0,0
1936.75,0,0,0,0,0,0,0,0,0,0,0
1936.83333333333,0,0,0,0,0,0,0,0,0,0,0
1936.91666666667,0,0,0,0,0,0,0,0,0,0,0
1937,0,0,0,0,0,0,0,0,0,0,0
1937.08333333333,0,0,0,0,0,0,0,0,0,0,0
1937.16666666667,0,0,0,0,0,0,0,0,0,0,0
1937.25,0,0,0,0,0,0,0,0,0,0,0
1937.33333333333,0,0,0,0,0,0,0,0,0,0,0
1937.41666666667,0,0,0,0,0,0,0,0,0,0,0
1937.5,0,0,0,0,0,0,0,0,0,0,0
1937.58333333333,0,0,0,0,0,0,0,0,0,0,0
1937.66666666667,0,0,0,0,0,0,0,0,0,0,0
1937.75,0.249506540334415,0,0,0,0,0,0.857475296298717,0.839079102272313,0.798511004773121,0,0
1937.83333333333,0.799816183029117,0,0.966880237500211,0.951833791166431,0.896210778832188,0.877535610881994,0.945595284979758,0.934165991988632,0.901905565862625,0.778860308046386,0.745174261032943
1937.91666666667,0.953384435515227,0.9706591601359,0.99217207768547,0.987226760579953,0.965648212838574,0.955379177002919,0.983745277677159,0.978537206516038,0.959824889987276,0.886362252500035,0.854289340228943
1938,0.982206404940345,0.993569458430689,0.99863622364902,0.997469886630016,0.991354859703555,0.987326340661279,0.996236842416778,0.994478100867245,0.986266957910028,0.950165856708142,0.926559522426702
1938.08333333333,0.993740130513248,0.998980922001455,0.999826170071623,0.999628651008792,0.998362051258548,0.99722054018647,0.999329679441387,0.998886595274945,0.996104560525137,0.981488980283806,0.967573155080317
1938.16666666667,0.997967287274184,0.999884129671264,0.999983874965478,0.999959840962108,0.999767981233963,0.999532486823681,0.999908594683509,0.999824928271589,0.999087025825727,0.994208134886067,0.987515875418454
1938.25,0.999399887832161,0.999990598905977,0.999998915521226,0.999996812973923,0.99997554885628,0.999939978159048,0.999990493618591,0.999978611002774,0.99982377425966,0.998479856744913,0.995824288279222
1938.33333333333,0.999841702316689,0.999999457834793,0.999999947268652,0.999999814946616,0.99999808982897,0.999994138944265,0.999999247995757,0.999997975160004,0.999972054020758,0.999666372802892,0.998789924364176
1938.41666666667,0.999963136386753,0.999999977839064,0.999999998150188,0.999999992155828,0.999999889671736,0.999999565838596,0.999999954847557,0.999999851777231,0.999996366030393,0.999938919662666,0.99969684789427
1938.5,0.99999247181311,0.99999999935936,0.99999999995326,0.999999999757678,0.999999995298167,0.999999975651807,0.999999997945534,0.999999991623454,0.999999613093126,0.99999068912379,0.999934456324923
1938.58333333333,0.999998657144211,0.999999999986923,0.99999999999915,0.999999999994552,0.999999999852383,0.999999998967833,0.99999999992925,0.999999999635001,0.999999966311706,0.999998819983354,0.99998778678196
1938.66666666667,0.799999791419123,0.999999999999812,0.999999999999989,0.999999999999911,0,0,0.999999999998158,0.999999999987749,0.999999997603465,0.999999875810944,0.999998040791198
1938.75,0.599999998901711,0,1,0.999999999999999,0,0,0.999999999999964,0.999999999999684,0.999999999860818,0.99999998915664,0
1938.83333333333,0.199999999999341,0,0,1,0,0,0,0,0.999999999993405,0,0
1938.91666666667,0,0,0,0,0,0,0,0,0,0,0
1939,0,0,0,0,0,0,0,0,0,0,0
1939.08333333333,0,0,0,0,0,0,0,0,0,0,0
1939.16666666667,0,0,0,0,0,0,0,0,0,0,0
1939.25,0,0,0,0,0,0,0,0,0,0,0
1939.33333333333,0,0,0,0,0,0,0,0,0,0,0
1939.41666666667,0,0,0,0,0,0,0,0,0,0,0
1939.5,0,0,0,0,0,0,0,0,0,0,0
1939.58333333333,0,0,0,0,0,0,0,0,0,0,0
1939.66666666667,0,0,0,0,0,0,0,0,0,0,0
1939.75,0,0,0,0,0,0,0,0,0,0,0
1939.83333333333,0,0,0,0,0,0,0,0,0,0,0
1939.91666666667,0,0,0,0,0,0,0,0,0,0,0
1940,0,0,0,0,0,0,0,0,0,0,0
1940.08333333333,0,0,0,0,0,0,0,0,0,0,0
1940.16666666667,0,0,0,0,0,0,0,0,0,0,0
1940.25,0,0,0,0,0,0,0,0,0,0,0
1940.33333333333,0,0,0,0,0,0,0,0,0,0,0
1940.41666666667,0,0,0,0,0,0,0,0,0,0,0
1940.5,0,0,0,0,0,0,0,0,0,0,0
1940.58333333333,0,0,0,0,0,0,0,0,0,0,0
1940.66666666667,0,0,0,0,0,0,0,0,0,0,0
1940.75,0,0,0,0,0,0,0,0,0,0,0
1940.83333333333,0,0,0,0,0,0,0,0,0,0,0
1940.91666666667,0,0,0,0,0,0,0,0,0,0,0
1941,0,0,0,0,0,0,0,0,0,0,0
1941.08333333333,0,0,0,0,0,0,0,0,0,0,0
1941.16666666667,0,0,0,0,0,0,0,0,0,0,0
1941.25,0,0,0,0,0,0,0,0,0,0,0
1941.33333333333,0,0,0,0,0,0,0,0,0,0,0
1941.41666666667,0,0,0,0,0,0,0,0,0,0,0
1941.5,0,0,0,0,0,0,0,0,0,0,0
1941.58333333333,0,0,0,0,0,0,0,0,0,0,0
1941.66666666667,0,0,0,0,0,0,0,0,0,0,0
1941.75,0,0,0,0,0,0,0,0,0,0,0
1941.83333333333,0,0,0,0,0,0,0,0,0,0,0
1941.91666666667,0,0,0,0,0,0,0,0,0,0,0
1942,0,0,0,0,0,0,0,0,0,0,0
1942.08333333333,0,0,0,0,0,0,0,0,0,0,0
1942.16666666667,0,0,0,0,0,0,0,0,0,0,0
1942.25,0,0,0,0,0,0,0,0,0,0,0
1942.33333333333,0,0,0,0,0,0,0,0,0,0,0
1942.41666666667,0,0,0,0,0,0,0,0,0,0,0
1942.5,0,0,0,0,0,0,0,0,0,0,0
1942.58333333333,0,0,0,0,0,0,0,0,0,0,0
1942.66666666667,0,0,0,0,0,0,0,0,0,0,0
1942.75,0,0,0,0,0,0,0,0,0,0,0
1942.83333333333,0,0,0,0,0,0,0,0,0,0,0
1942.91666666667,0,0,0,0,0,0,0,0,0,0,0
1943,0,0,0,0,0,0,0,0,0,0,0
1943.08333333333,0,0,0,0,0,0,0,0,0,0,0
1943.16666666667,0,0,0,0,0,0,0,0,0,0,0
1943.25,0,0,0,0,0,0,0,0,0,0,0
1943.33333333333,0,0,0,0,0,0,0,0,0,0,0
1943.41666666667,0,0,0,0,0,0,0,0,0,0,0
1943.5,0,0,0,0,0,0,0,0,0,0,0
1943.58333333333,0,0,0,0,0,0,0,0,0,0,0
1943.66666666667,0,0,0,0,0,0,0,0,0,0,0
1943.75,0,0,0,0,0,0,0,0,0,0,0
1943.83333333333,0,0,0,0,0,0,0,0,0,0,0
1943.91666666667,0,0,0,0,0,0,0,0,0,0,0
1944,0,0,0,0,0,0,0,0,0,0,0
1944.08333333333,0,0,0,0,0,0,0,0,0,0,0
1944.16666666667,0,0,0,0,0,0,0,0,0,0,0
1944.25,0,0,0,0,0,0,0,0,0,0,0
1944.33333333333,0,0,0,0,0,0,0,0,0,0,0
1944.41666666667,0,0,0,0,0,0,0,0,0,0,0
1944.5,0,0,0,0,0,0,0,0,0,0,0
1944.58333333333,0,0,0,0,0,0,0,0,0,0,0
1944.66666666667,0,0,0,0,0,0,0,0,0,0,0
1944.75,0,0,0,0,0,0,0,0,0,0,0
1944.83333333333,0,0,0,0,0,0,0,0,0,0,0
1944.91666666667,0,0,0,0,0,0,0,0,0,0,0
1945,0,0,0,0,0,0,0,0,0,0,0
1945.08333333333,0,0,0,0,0,0,0,0,0,0,0
1945.16666666667,0,0,0,0,0,0,0,0,0,0,0
1945.25,0,0,0,0,0,0,0,0,0,0,0
1945.33333333333,0,0,0,0,0,0,0,0,0,0,0
1945.41666666667,0,0,0,0,0,0,0,0,0,0,0
1945.5,0,0,0,0,0,0,0,0,0,0,0
1945.58333333333,0.579284636213766,0,0,0,0.896210778832188,0.877535610881994,0.857475296298717,0.839079102272313,0.798511004773121,0.778860308046386,0.745174261032943
1945.66666666667,0.933271901420403,0.9706591601359,0.966880237500211,0.951833791166431,0.965648212838574,0.955379177002919,0.945595284979758,0.934165991988632,0.901905565862625,0.886362252500035,0.854289340228943
1945.75,0.975048225037626,0.993569458430689,0.99217207768547,0.987226760579953,0.991354859703555,0.987326340661279,0.983745277677159,0.978537206516038,0.959824889987276,0.950165856708142,0.926559522426702
1945.83333333333,0.991671366028368,0.998980922001455,0.99863622364902,0.997469886630016,0.998362051258548,0.99722054018647,0.996236842416778,0.994478100867245,0.986266957910028,0.981488980283806,0.967573155080317
1945.91666666667,0.997468426435531,0.999884129671264,0.999826170071623,0.999628651008792,0.999767981233963,0.999532486823681,0.999329679441387,0.998886595274945,0.996104560525137,0.994208134886067,0.987515875418454
1946,0.999297453565385,0.999990598905977,0.999983874965478,0.999959840962108,0.99997554885628,0.999939978159048,0.999908594683509,0.999824928271589,0.999087025825727,0.998479856744913,0.995824288279222
1946.08333333333,0.999823659115127,0.999999457834793,0.999998915521226,0.999996812973923,0.99999808982897,0.999994138944265,0.999990493618591,0.999978611002774,0.99982377425966,0.999666372802892,0.998789924364176
1946.16666666667,0.999960424029812,0.999999977839064,0.999999947268652,0.999999814946616,0.999999889671736,0.999999565838596,0.999999247995757,0.999997975160004,0.999972054020758,0.999938919662666,0.99969684789427
1946.25,0.999992127871924,0.99999999935936,0.999999998150188,0.999999992155828,0.999999995298167,0.999999975651807,0.999999954847557,0.999999851777231,0.999996366030393,0.99999068912379,0.999934456324923
1946.33333333333,0.99999862079455,0.999999999986923,0.99999999995326,0.999999999757678,0.999999999852383,0.999999998967833,0.999999997945534,0.999999991623454,0.999999613093126,0.999998819983354,0.99998778678196
1946.41666666667,0.999999788243517,0.999999999999812,0.99999999999915,0.999999999994552,0.99999999999659,0.999999999966965,0.99999999992925,0.999999999635001,0.999999966311706,0.999999875810944,0.999998040791198
1946.5,0.999999971641548,0.999999999999998,0.999999999999989,0.999999999999911,0.999999999999942,0.999999999999203,0.999999999998158,0.999999999987749,0.999999997603465,0.99999998915664,0.999999729670426
1946.58333333333,0.999999996701668,1,1,0.999999999999999,0.999999999999999,0.999999999999985,0.999999999999964,0.999999999999684,0.999999999860818,0.999999999215138,0.999999967941097
1946.66666666667,0.99999999966806,1,1,1,1,1,0.999999999999999,0.999999999999994,0.999999999993405,0.999999999952935,0.999999996734269
1946.75,0.99999999997118,1,1,1,1,1,1,1,0.999999999999745,0.999999999997663,0.999999999714395
1946.83333333333,0.999999999997846,1,1,1,1,1,1,1,0.999999999999992,0.999999999999904,0.999999999978565
1946.91666666667,0.999999999999862,1,1,1,1,1,1,1,1,0.999999999999997,0.99999999999862
1947,0.999999999999992,1,1,1,1,1,1,1,1,1,0.999999999999924
1947.08333333333,1,1,1,1,1,1,1,1,1,1,0.999999999999996
1947.16666666667,1,1,1,1,1,1,1,1,1,1,1
1947.25,1,1,1,1,1,1,1,1,1,1,1
1947.33333333333,1,1,1,1,1,1,1,1,1,1,1
1947.41666666667,1,1,1,1,1,1,1,1,1,1,1
1947.5,1,1,1,1,1,1,1,1,1,1,1
1947.58333333333,1,1,1,1,1,1,1,1,1,1,1
1947.66666666667,0.8,1,1,1,0,0,1,1,1,1,1
1947.75,0.8,1,1,1,0,0,1,1,1,1,1
1947.83333333333,0.6,0,1,1,0,0,1,1,1,1,0
1947.91666666667,0.3,0,1,1,0,0,0,0,1,0,0
1948,0,0,0,0,0,0,0,0,0,0,0
1948.08333333333,0,0,0,0,0,0,0,0,0,0,0
1948.16666666667,0,0,0,0,0,0,0,0,0,0,0
1948.25,0,0,0,0,0,0,0,0,0,0,0
1948.33333333333,0,0,0,0,0,0,0,0,0,0,0
1948.41666666667,0,0,0,0,0,0,0,0,0,0,0
1948.5,0,0,0,0,0,0,0,0,0,0,0
1948.58333333333,0.0745174261032943,0,0,0,0,0,0,0,0,0,0.745174261032943
1948.66666666667,0.0854289340228943,0,0,0,0,0,0,0,0,0,0.854289340228943
1948.75,0.0926559522426702,0,0,0,0,0,0,0,0,0,0.926559522426702
1948.83333333333,0.0967573155080317,0,0,0,0,0,0,0,0,0,0.967573155080317
1948.91666666667,0.0987515875418453,0,0,0,0,0,0,0,0,0,0.987515875418454
1949,0.604349638938394,0,0,0,0.896210778832188,0.877535610881994,0.857475296298717,0.839079102272313,0.798511004773121,0.778860308046386,0.995824288279222
1949.08333333333,0.947721959833926,0.9706591601359,0.966880237500211,0.951833791166431,0.965648212838574,0.955379177002919,0.945595284979758,0.934165991988632,0.901905565862625,0.886362252500035,0.998789924364176
1949.16666666667,0.982361957584383,0.993569458430689,0.99217207768547,0.987226760579953,0.991354859703555,0.987326340661279,0.983745277677159,0.978537206516038,0.959824889987276,0.950165856708142,0.99969684789427
1949.25,0.994907496152829,0.998980922001455,0.99863622364902,0.997469886630016,0.998362051258548,0.99722054018647,0.996236842416778,0.994478100867245,0.986266957910028,0.981488980283806,0.999934456324923
1949.33333333333,0.998715617571882,0.999884129671264,0.999826170071623,0.999628651008792,0.999767981233963,0.999532486823681,0.999329679441387,0.998886595274945,0.996104560525137,0.994208134886067,0.99998778678196
1949.41666666667,0.999714828816583,0.999990598905977,0.999983874965478,0.999959840962108,0.99997554885628,0.999939978159048,0.999908594683509,0.999824928271589,0.999087025825727,0.998479856744913,0.999998040791198
1949.5,0.999944639645752,0.999999457834793,0.999998915521226,0.999996812973923,0.99999808982897,0.999994138944265,0.999990493618591,0.999978611002774,0.99982377425966,0.999666372802892,0.999999729670426
1949.58333333333,0.999990736034495,0.999999977839064,0.999999947268652,0.999999814946616,0.999999889671736,0.999999565838596,0.999999247995757,0.999997975160004,0.999972054020758,0.999938919662666,0.999999967941097
1949.66666666667,0.999998681912859,0.99999999935936,0.999999998150188,0.999999992155828,0.999999995298167,0.999999975651807,0.999999954847557,0.999999851777231,0.999996366030393,0.99999068912379,0.999999996734269
1949.75,0.999999842087794,0.999999999986923,0.99999999995326,0.999999999757678,0.999999999852383,0.999999998967833,0.999999997945534,0.999999991623454,0.999999613093126,0.999998819983354,0.999999999714395
1949.83333333333,0.999999984162253,0.999999999999812,0.99999999999915,0.999999999994552,0.99999999999659,0.999999999966965,0.99999999992925,0.999999999635001,0.999999966311706,0.999999875810944,0.999999999978565
1949.91666666667,0.999999998674368,0.999999999999998,0.999999999999989,0.999999999999911,0.999999999999942,0.999999999999203,0.999999999998158,0.999999999987749,0.999999997603465,0.99999998915664,0.99999999999862
1950,0.999999999907551,1,1,0.999999999999999,0.999999999999999,0.999999999999985,0.999999999999964,0.999999999999684,0.999999999860818,0.999999999215138,0.999999999999924
1950.08333333333,0.699999999994633,0,1,1,0,0,0.999999999999999,0.999999999999994,0.999999999993405,0.999999999952935,0.999999999999996
1950.16666666667,0.599999999999741,0,1,1,0,0,1,1,0.999999999999745,0.999999999997663,0
1950.25,0.1,0,0,1,0,0,0,0,0,0,0
1950.33333333333,0,0,0,0,0,0,0,0,0,0,0
1950.41666666667,0,0,0,0,0,0,0,0,0,0,0
1950.5,0,0,0,0,0,0,0,0,0,0,0
1950.58333333333,0,0,0,0,0,0,0,0,0,0,0
1950.66666666667,0,0,0,0,0,0,0,0,0,0,0
1950.75,0,0,0,0,0,0,0,0,0,0,0
1950.83333333333,0,0,0,0,0,0,0,0,0,0,0
1950.91666666667,0,0,0,0,0,0,0,0,0,0,0
1951,0,0,0,0,0,0,0,0,0,0,0
1951.08333333333,0,0,0,0,0,0,0,0,0,0,0
1951.16666666667,0,0,0,0,0,0,0,0,0,0,0
1951.25,0,0,0,0,0,0,0,0,0,0,0
1951.33333333333,0,0,0,0,0,0,0,0,0,0,0
1951.41666666667,0,0,0,0,0,0,0,0,0,0,0
1951.5,0,0,0,0,0,0,0,0,0,0,0
1951.58333333333,0,0,0,0,0,0,0,0,0,0,0
1951.66666666667,0,0,0,0,0,0,0,0,0,0,0
1951.75,0,0,0,0,0,0,0,0,0,0,0
1951.83333333333,0,0,0,0,0,0,0,0,0,0,0
1951.91666666667,0,0,0,0,0,0,0,0,0,0,0
1952,0,0,0,0,0,0,0,0,0,0,0
1952.08333333333,0,0,0,0,0,0,0,0,0,0,0
1952.16666666667,0,0,0,0,0,0,0,0,0,0,0
1952.25,0,0,0,0,0,0,0,0,0,0,0
1952.33333333333,0,0,0,0,0,0,0,0,0,0,0
1952.41666666667,0,0,0,0,0,0,0,0,0,0,0
1952.5,0,0,0,0,0,0,0,0,0,0,0
1952.58333333333,0,0,0,0,0,0,0,0,0,0,0
1952.66666666667,0,0,0,0,0,0,0,0,0,0,0
1952.75,0,0,0,0,0,0,0,0,0,0,0
1952.83333333333,0,0,0,0,0,0,0,0,0,0,0
1952.91666666667,0,0,0,0,0,0,0,0,0,0,0
1953,0,0,0,0,0,0,0,0,0,0,0
1953.08333333333,0,0,0,0,0,0,0,0,0,0,0
1953.16666666667,0,0,0,0,0,0,0,0,0,0,0
1953.25,0,0,0,0,0,0,0,0,0,0,0
1953.33333333333,0,0,0,0,0,0,0,0,0,0,0
1953.41666666667,0,0,0,0,0,0,0,0,0,0,0
1953.5,0,0,0,0,0,0,0,0,0,0,0
1953.58333333333,0,0,0,0,0,0,0,0,0,0,0
1953.66666666667,0.0745174261032943,0,0,0,0,0,0,0,0,0,0.745174261032943
1953.75,0.590196144133366,0,0,0,0.896210778832188,0.877535610881994,0.857475296298717,0.839079102272313,0.798511004773121,0.778860308046386,0.854289340228943
1953.83333333333,0.940498919640179,0.9706591601359,0.966880237500211,0.951833791166431,0.965648212838574,0.955379177002919,0.945595284979758,0.934165991988632,0.901905565862625,0.886362252500035,0.926559522426702
1953.91666666667,0.979149588302988,0.993569458430689,0.99217207768547,0.987226760579953,0.991354859703555,0.987326340661279,0.983745277677159,0.978537206516038,0.959824889987276,0.950165856708142,0.967573155080317
1954,0.993665638062182,0.998980922001455,0.99863622364902,0.997469886630016,0.998362051258548,0.99722054018647,0.996236842416778,0.994478100867245,0.986266957910028,0.981488980283806,0.987515875418454
1954.08333333333,0.998299267721608,0.999884129671264,0.999826170071623,0.999628651008792,0.999767981233963,0.999532486823681,0.999329679441387,0.998886595274945,0.996104560525137,0.994208134886067,0.995824288279222
1954.16666666667,0.999594017173881,0.999990598905977,0.999983874965478,0.999959840962108,0.99997554885628,0.999939978159048,0.999908594683509,0.999824928271589,0.999087025825727,0.998479856744913,0.998789924364176
1954.25,0.999914351468137,0.999999457834793,0.999998915521226,0.999996812973923,0.99999808982897,0.999994138944265,0.999990493618591,0.999978611002774,0.99982377425966,0.999666372802892,0.99969684789427
1954.33333333333,0.999984184872877,0.999999977839064,0.999999947268652,0.999999814946616,0.999999889671736,0.999999565838596,0.999999247995757,0.999997975160004,0.999972054020758,0.999938919662666,0.999934456324923
1954.41666666667,0.999997460917628,0.99999999935936,0.999999998150188,0.999999992155828,0.999999995298167,0.999999975651807,0.999999954847557,0.999999851777231,0.999996366030393,0.99999068912379,0.99998778678196
1954.5,0.999999646195474,0.999999999986923,0.99999999995326,0.999999999757678,0.999999999852383,0.999999998967833,0.999999997945534,0.999999991623454,0.999999613093126,0.999998819983354,0.999998040791198
1954.58333333333,0.99999995713144,0.999999999999812,0.99999999999915,0.999999999994552,0.99999999999659,0.999999999966965,0.99999999992925,0.999999999635001,0.999999966311706,0.999999875810944,0.999999729670426
1954.66666666667,0.999999995468615,0.999999999999998,0.999999999999989,0.999999999999911,0.999999999999942,0.999999999999203,0.999999999998158,0.999999999987749,0.999999997603465,0.99999998915664,0.999999967941097
1954.75,0.999999999580986,1,1,0.999999999999999,0.999999999999999,0.999999999999985,0.999999999999964,0.999999999999684,0.999999999860818,0.999999999215138,0.999999996734269
1954.83333333333,0.699999999994633,1,1,1,0,0,0.999999999999999,0.999999999999994,0.999999999993405,0.999999999952935,0
1954.91666666667,0.299999999999975,0,1,1,0,0,0,0,0.999999999999745,0,0
1955,0,0,0,0,0,0,0,0,0,0,0
1955.08333333333,0,0,0,0,0,0,0,0,0,0,0
1955.16666666667,0,0,0,0,0,0,0,0,0,0,0
1955.25,0,0,0,0,0,0,0,0,0,0,0
1955.33333333333,0,0,0,0,0,0,0,0,0,0,0
1955.41666666667,0,0,0,0,0,0,0,0,0,0,0
1955.5,0,0,0,0,0,0,0,0,0,0,0
1955.58333333333,0,0,0,0,0,0,0,0,0,0,0
1955.66666666667,0,0,0,0,0,0,0,0,0,0,0
1955.75,0,0,0,0,0,0,0,0,0,0,0
1955.83333333333,0,0,0,0,0,0,0,0,0,0,0
1955.91666666667,0,0,0,0,0,0,0,0,0,0,0
1956,0,0,0,0,0,0,0,0,0,0,0
1956.08333333333,0,0,0,0,0,0,0,0,0,0,0
1956.16666666667,0,0,0,0,0,0,0,0,0,0,0
1956.25,0,0,0,0,0,0,0,0,0,0,0
1956.33333333333,0,0,0,0,0,0,0,0,0,0,0
1956.41666666667,0,0,0,0,0,0,0,0,0,0,0
1956.5,0,0,0,0,0,0,0,0,0,0,0
1956.58333333333,0,0,0,0,0,0,0,0,0,0,0
1956.66666666667,0,0,0,0,0,0,0,0,0,0,0
1956.75,0,0,0,0,0,0,0,0,0,0,0
1956.83333333333,0,0,0,0,0,0,0,0,0,0,0
1956.91666666667,0,0,0,0,0,0,0,0,0,0,0
1957,0,0,0,0,0,0,0,0,0,0,0
1957.08333333333,0,0,0,0,0,0,0,0,0,0,0
1957.16666666667,0,0,0,0,0,0,0,0,0,0,0
1957.25,0,0,0,0,0,0,0,0,0,0,0
1957.33333333333,0,0,0,0,0,0,0,0,0,0,0
1957.41666666667,0,0,0,0,0,0,0,0,0,0,0
1957.5,0.0778860308046386,0,0,0,0,0,0,0,0,0.778860308046386,0
1957.58333333333,0.168487325727316,0,0,0,0,0,0,0,0.798511004773121,0.886362252500035,0
1957.66666666667,0.606754647188892,0,0,0,0.896210778832188,0.877535610881994,0.857475296298717,0.839079102272313,0.901905565862625,0.950165856708142,0.745174261032943
1957.75,0.948576506611245,0.9706591601359,0.966880237500211,0.951833791166431,0.965648212838574,0.955379177002919,0.945595284979758,0.934165991988632,0.959824889987276,0.981488980283806,0.854289340228943
1957.83333333333,0.982096659647694,0.993569458430689,0.99217207768547,0.987226760579953,0.991354859703555,0.987326340661279,0.983745277677159,0.978537206516038,0.986266957910028,0.994208134886067,0.926559522426702
1957.91666666667,0.99435421393599,0.998980922001455,0.99863622364902,0.997469886630016,0.998362051258548,0.99722054018647,0.996236842416778,0.994478100867245,0.996104560525137,0.998479856744913,0.967573155080317
1958,0.998312496757273,0.999884129671264,0.999826170071623,0.999628651008792,0.999767981233963,0.999532486823681,0.999329679441387,0.998886595274945,0.999087025825727,0.999666372802892,0.987515875418454
1958.08333333333,0.999517034700554,0.999990598905977,0.999983874965478,0.999959840962108,0.99997554885628,0.999939978159048,0.999908594683509,0.999824928271589,0.99982377425966,0.999938919662666,0.995824288279222
1958.16666666667,0.999870918723327,0.999999457834793,0.999998915521226,0.999996812973923,0.99999808982897,0.999994138944265,0.999990493618591,0.999978611002774,0.999972054020758,0.99999068912379,0.998789924364176
1958.25,0.999968845262844,0.999999977839064,0.999999947268652,0.999999814946616,0.999999889671736,0.999999565838596,0.999999247995757,0.999997975160004,0.999996366030393,0.999998819983354,0.99969684789427
1958.33333333333,0.999993371246913,0.99999999935936,0.999999998150188,0.999999992155828,0.999999995298167,0.999999975651807,0.999999954847557,0.999999851777231,0.999999613093126,0.999999875810944,0.999934456324923
1958.41666666667,0.999998773033737,0.999999999986923,0.99999999995326,0.999999999757678,0.999999999852383,0.999999998967833,0.999999997945534,0.999999991623454,0.999999966311706,0.99999998915664,0.99998778678196
1958.5,0.999999803713112,0.999999999999812,0.99999999999915,0.999999999994552,0.99999999999659,0.999999999966965,0.99999999992925,0.999999999635001,0.999999997603465,0.999999999215138,0.999998040791198
1958.58333333333,0.999999972946913,0.999999999999998,0.999999999999989,0.999999999999911,0.999999999999942,0.999999999999203,0.999999999998158,0.999999999987749,0.999999999860818,0.999999999952935,0.999999729670426
1958.66666666667,0.89999999679318,0,1,0.999999999999999,0.999999999999999,0.999999999999985,0.999999999999964,0.999999999999684,0.999999999993405,0.999999999997663,0.999999967941097
1958.75,0.699999999673391,0,1,1,0,0,0.999999999999999,0.999999999999994,0.999999999999745,0.999999999999904,0.999999996734269
1958.83333333333,0.1,0,0,1,0,0,0,0,0,0,0
1958.91666666667,0,0,0,0,0,0,0,0,0,0,0
1959,0,0,0,0,0,0,0,0,0,0,0
1959.08333333333,0,0,0,0,0,0,0,0,0,0,0
1959.16666666667,0,0,0,0,0,0,0,0,0,0,0
1959.25,0,0,0,0,0,0,0,0,0,0,0
1959.33333333333,0,0,0,0,0,0,0,0,0,0,0
1959.41666666667,0,0,0,0,0,0,0,0,0,0,0
1959.5,0,0,0,0,0,0,0,0,0,0,0
1959.58333333333,0,0,0,0,0,0,0,0,0,0,0
1959.66666666667,0,0,0,0,0,0,0,0,0,0,0
1959.75,0,0,0,0,0,0,0,0,0,0,0
1959.83333333333,0,0,0,0,0,0,0,0,0,0,0
1959.91666666667,0,0,0,0,0,0,0,0,0,0,0
1960,0,0,0,0,0,0,0,0,0,0,0
1960.08333333333,0,0,0,0,0,0,0,0,0,0,0
1960.16666666667,0,0,0,0,0,0,0,0,0,0,0
1960.25,0,0,0,0,0,0,0,0,0,0,0
1960.33333333333,0,0,0,0,0,0,0,0,0,0,0
1960.41666666667,0,0,0,0,0,0,0,0,0,0,0
1960.5,0,0,0,0,0,0,0,0,0,0,0
1960.58333333333,0.499433535736454,0,0,0,0.896210778832188,0.877535610881994,0.857475296298717,0.839079102272313,0,0.778860308046386,0.745174261032943
1960.66666666667,0.922932445311452,0.9706591601359,0.966880237500211,0.951833791166431,0.965648212838574,0.955379177002919,0.945595284979758,0.934165991988632,0.798511004773121,0.886362252500035,0.854289340228943
1960.75,0.969256292625161,0.993569458430689,0.99217207768547,0.987226760579953,0.991354859703555,0.987326340661279,0.983745277677159,0.978537206516038,0.901905565862625,0.950165856708142,0.926559522426702
1960.83333333333,0.989027159236093,0.998980922001455,0.99863622364902,0.997469886630016,0.998362051258548,0.99722054018647,0.996236842416778,0.994478100867245,0.959824889987276,0.981488980283806,0.967573155080317
1960.91666666667,0.996484666174021,0.999884129671264,0.999826170071623,0.999628651008792,0.999767981233963,0.999532486823681,0.999329679441387,0.998886595274945,0.986266957910028,0.994208134886067,0.987515875418454
1961,0.998999207035326,0.999990598905977,0.999983874965478,0.999959840962108,0.99997554885628,0.999939978159048,0.999908594683509,0.999824928271589,0.996104560525137,0.998479856744913,0.995824288279222
1961.08333333333,0.999749984271734,0.999999457834793,0.999998915521226,0.999996812973923,0.99999808982897,0.999994138944265,0.999990493618591,0.999978611002774,0.999087025825727,0.999666372802892,0.998789924364176
1961.16666666667,0.999945596053702,0.999999977839064,0.999999947268652,0.999999814946616,0.999999889671736,0.999999565838596,0.999999247995757,0.999997975160004,0.99982377425966,0.999938919662666,0.99969684789427
1961.25,0.999989696670961,0.99999999935936,0.999999998150188,0.999999992155828,0.999999995298167,0.999999975651807,0.999999954847557,0.999999851777231,0.999972054020758,0.99999068912379,0.999934456324923
1961.33333333333,0.999998296088277,0.999999999986923,0.99999999995326,0.999999999757678,0.999999999852383,0.999999998967833,0.999999997945534,0.999999991623454,0.999996366030393,0.999998819983354,0.99998778678196
1961.41666666667,0.799999752925303,0.999999999999812,0.99999999999915,0.999999999994552,0,0,0.99999999992925,0.999999999635001,0.999999613093126,0.999999875810944,0.999998040791198
1961.5,0.499999969598019,0,0.999999999999989,0.999999999999911,0,0,0.999999999998158,0,0.999999966311706,0,0.999999729670426
1961.58333333333,0.19999999679411,0,0,0.999999999999999,0,0,0,0,0,0,0.999999967941097
1961.66666666667,0,0,0,0,0,0,0,0,0,0,0
1961.75,0,0,0,0,0,0,0,0,0,0,0
1961.83333333333,0,0,0,0,0,0,0,0,0,0,0
1961.91666666667,0,0,0,0,0,0,0,0,0,0,0
1962,0,0,0,0,0,0,0,0,0,0,0
1962.08333333333,0,0,0,0,0,0,0,0,0,0,0
1962.16666666667,0,0,0,0,0,0,0,0,0,0,0
1962.25,0,0,0,0,0,0,0,0,0,0,0
1962.33333333333,0,0,0,0,0,0,0,0,0,0,0
1962.41666666667,0,0,0,0,0,0,0,0,0,0,0
1962.5,0,0,0,0,0,0,0,0,0,0,0
1962.58333333333,0,0,0,0,0,0,0,0,0,0,0
1962.66666666667,0,0,0,0,0,0,0,0,0,0,0
1962.75,0,0,0,0,0,0,0,0,0,0,0
1962.83333333333,0,0,0,0,0,0,0,0,0,0,0
1962.91666666667,0,0,0,0,0,0,0,0,0,0,0
1963,0,0,0,0,0,0,0,0,0,0,0
1963.08333333333,0,0,0,0,0,0,0,0,0,0,0
1963.16666666667,0,0,0,0,0,0,0,0,0,0,0
1963.25,0,0,0,0,0,0,0,0,0,0,0
1963.33333333333,0,0,0,0,0,0,0,0,0,0,0
1963.41666666667,0,0,0,0,0,0,0,0,0,0,0
1963.5,0,0,0,0,0,0,0,0,0,0,0
1963.58333333333,0,0,0,0,0,0,0,0,0,0,0
1963.66666666667,0,0,0,0,0,0,0,0,0,0,0
1963.75,0,0,0,0,0,0,0,0,0,0,0
1963.83333333333,0,0,0,0,0,0,0,0,0,0,0
1963.91666666667,0,0,0,0,0,0,0,0,0,0,0
1964,0,0,0,0,0,0,0,0,0,0,0
1964.08333333333,0,0,0,0,0,0,0,0,0,0,0
1964.16666666667,0,0,0,0,0,0,0,0,0,0,0
1964.25,0,0,0,0,0,0,0,0,0,0,0
1964.33333333333,0,0,0,0,0,0,0,0,0,0,0
1964.41666666667,0,0,0,0,0,0,0,0,0,0,0
1964.5,0,0,0,0,0,0,0,0,0,0,0
1964.58333333333,0,0,0,0,0,0,0,0,0,0,0
1964.66666666667,0,0,0,0,0,0,0,0,0,0,0
1964.75,0,0,0,0,0,0,0,0,0,0,0
1964.83333333333,0,0,0,0,0,0,0,0,0,0,0
1964.91666666667,0,0,0,0,0,0,0,0,0,0,0
1965,0,0,0,0,0,0,0,0,0,0,0
1965.08333333333,0,0,0,0,0,0,0,0,0,0,0
1965.16666666667,0,0,0,0,0,0,0,0,0,0,0
1965.25,0,0,0,0,0,0,0,0,0,0,0
1965.33333333333,0,0,0,0,0,0,0,0,0,0,0
1965.41666666667,0,0,0,0,0,0,0,0,0,0,0
1965.5,0,0,0,0,0,0,0,0,0,0,0
1965.58333333333,0,0,0,0,0,0,0,0,0,0,0
1965.66666666667,0,0,0,0,0,0,0,0,0,0,0
1965.75,0,0,0,0,0,0,0,0,0,0,0
1965.83333333333,0,0,0,0,0,0,0,0,0,0,0
1965.91666666667,0,0,0,0,0,0,0,0,0,0,0
1966,0,0,0,0,0,0,0,0,0,0,0
1966.08333333333,0,0,0,0,0,0,0,0,0,0,0
1966.16666666667,0,0,0,0,0,0,0,0,0,0,0
1966.25,0,0,0,0,0,0,0,0,0,0,0
1966.33333333333,0,0,0,0,0,0,0,0,0,0,0
1966.41666666667,0,0,0,0,0,0,0,0,0,0,0
1966.5,0,0,0,0,0,0,0,0,0,0,0
1966.58333333333,0,0,0,0,0,0,0,0,0,0,0
1966.66666666667,0,0,0,0,0,0,0,0,0,0,0
1966.75,0,0,0,0,0,0,0,0,0,0,0
1966.83333333333,0,0,0,0,0,0,0,0,0,0,0
1966.91666666667,0,0,0,0,0,0,0,0,0,0,0
1967,0,0,0,0,0,0,0,0,0,0,0
1967.08333333333,0,0,0,0,0,0,0,0,0,0,0
1967.16666666667,0,0,0,0,0,0,0,0,0,0,0
1967.25,0,0,0,0,0,0,0,0,0,0,0
1967.33333333333,0,0,0,0,0,0,0,0,0,0,0
1967.41666666667,0,0,0,0,0,0,0,0,0,0,0
1967.5,0,0,0,0,0,0,0,0,0,0,0
1967.58333333333,0,0,0,0,0,0,0,0,0,0,0
1967.66666666667,0,0,0,0,0,0,0,0,0,0,0
1967.75,0,0,0,0,0,0,0,0,0,0,0
1967.83333333333,0,0,0,0,0,0,0,0,0,0,0
1967.91666666667,0,0,0,0,0,0,0,0,0,0,0
1968,0,0,0,0,0,0,0,0,0,0,0
1968.08333333333,0,0,0,0,0,0,0,0,0,0,0
1968.16666666667,0,0,0,0,0,0,0,0,0,0,0
1968.25,0,0,0,0,0,0,0,0,0,0,0
1968.33333333333,0,0,0,0,0,0,0,0,0,0,0
1968.41666666667,0,0,0,0,0,0,0,0,0,0,0
1968.5,0,0,0,0,0,0,0,0,0,0,0
1968.58333333333,0,0,0,0,0,0,0,0,0,0,0
1968.66666666667,0,0,0,0,0,0,0,0,0,0,0
1968.75,0,0,0,0,0,0,0,0,0,0,0
1968.83333333333,0,0,0,0,0,0,0,0,0,0,0
1968.91666666667,0,0,0,0,0,0,0,0,0,0,0
1969,0,0,0,0,0,0,0,0,0,0,0
1969.08333333333,0,0,0,0,0,0,0,0,0,0,0
1969.16666666667,0,0,0,0,0,0,0,0,0,0,0
1969.25,0,0,0,0,0,0,0,0,0,0,0
1969.33333333333,0,0,0,0,0,0,0,0,0,0,0
1969.41666666667,0,0,0,0,0,0,0,0,0,0,0
1969.5,0,0,0,0,0,0,0,0,0,0,0
1969.58333333333,0,0,0,0,0,0,0,0,0,0,0
1969.66666666667,0,0,0,0,0,0,0,0,0,0,0
1969.75,0,0,0,0,0,0,0,0,0,0,0
1969.83333333333,0,0,0,0,0,0,0,0,0,0,0
1969.91666666667,0.0798511004773121,0,0,0,0,0,0,0,0.798511004773121,0,0
1970,0.507432832467942,0,0,0.951833791166431,0,0,0.857475296298717,0.839079102272313,0.901905565862625,0.778860308046386,0.745174261032943
1970.08333333333,0.830809114747899,0,0.966880237500211,0.987226760579953,0.896210778832188,0.877535610881994,0.945595284979758,0.934165991988632,0.959824889987276,0.886362252500035,0.854289340228943
1970.16666666667,0.970660333553095,0.9706591601359,0.99217207768547,0.997469886630016,0.965648212838574,0.955379177002919,0.983745277677159,0.978537206516038,0.986266957910028,0.950165856708142,0.926559522426702
1970.25,0.990639717262662,0.993569458430689,0.99863622364902,0.999628651008792,0.991354859703555,0.987326340661279,0.996236842416778,0.994478100867245,0.996104560525137,0.981488980283806,0.967573155080317
1970.33333333333,0.997337683532678,0.998980922001455,0.999826170071623,0.999959840962108,0.998362051258548,0.99722054018647,0.999329679441387,0.998886595274945,0.999087025825727,0.994208134886067,0.987515875418454
1970.41666666667,0.99930267279072,0.999884129671264,0.999983874965478,0.999996812973923,0.999767981233963,0.999532486823681,0.999908594683509,0.999824928271589,0.99982377425966,0.998479856744913,0.995824288279222
1970.5,0.999830231219834,0.999990598905977,0.999998915521226,0.999999814946616,0.99997554885628,0.999939978159048,0.999990493618591,0.999978611002774,0.999972054020758,0.999666372802892,0.998789924364176
1970.58333333333,0.99996209827756,0.999999457834793,0.999999947268652,0.999999992155828,0.99999808982897,0.999994138944265,0.999999247995757,0.999997975160004,0.999996366030393,0.999938919662666,0.99969684789427
1970.66666666667,0.999992399642389,0.999999977839064,0.999999998150188,0.999999999757678,0.999999889671736,0.999999565838596,0.999999954847557,0.999999851777231,0.999999613093126,0.99999068912379,0.999934456324923
1970.75,0.999998653290315,0.99999999935936,0.99999999995326,0.999999999994552,0.999999995298167,0.999999975651807,0.999999997945534,0.999999991623454,0.999999966311706,0.999998819983354,0.99998778678196
1970.83333333333,0.999999791257606,0.999999999986923,0.99999999999915,0.999999999999911,0.999999999852383,0.999999998967833,0.99999999992925,0.999999999635001,0.999999997603465,0.999999875810944,0.999998040791198
1970.91666666667,0.999999971863715,0.999999999999812,0.999999999999989,0.999999999999999,0.99999999999659,0.999999999966965,0.999999999998158,0.999999999987749,0.999999999860818,0.99999998915664,0.999999729670426
1971,0.999999996714843,0.999999999999998,1,1,0.999999999999942,0.999999999999203,0.999999999999964,0.999999999999684,0.999999999993405,0.999999999215138,0.999999967941097
1971.08333333333,0.999999999668693,1,1,1,0.999999999999999,0.999999999999985,0.999999999999999,0.999999999999994,0.999999999999745,0.999999999952935,0.999999996734269
1971.16666666667,0.999999999971205,1,1,1,1,1,1,1,0.999999999999992,0.999999999997663,0.999999999714395
1971.25,0.999999999997847,1,1,1,1,1,1,1,1,0.999999999999904,0.999999999978565
1971.33333333333,0.999999999999862,1,1,1,1,1,1,1,1,0.999999999999997,0.99999999999862
1971.41666666667,0.699999999999992,0,1,1,0,0,1,1,1,1,0.999999999999924
1971.5,0.6,0,1,1,0,0,1,1,1,1,0
1971.58333333333,0.3,0,1,1,0,0,0,0,1,0,0
1971.66666666667,0.1,0,0,0,0,0,0,0,1,0,0
1971.75,0,0,0,0,0,0,0,0,0,0,0
1971.83333333333,0,0,0,0,0,0,0,0,0,0,0
1971.91666666667,0,0,0,0,0,0,0,0,0,0,0
1972,0,0,0,0,0,0,0,0,0,0,0
1972.08333333333,0,0,0,0,0,0,0,0,0,0,0
1972.16666666667,0,0,0,0,0,0,0,0,0,0,0
1972.25,0,0,0,0,0,0,0,0,0,0,0
1972.33333333333,0,0,0,0,0,0,0,0,0,0,0
1972.41666666667,0,0,0,0,0,0,0,0,0,0,0
1972.5,0,0,0,0,0,0,0,0,0,0,0
1972.58333333333,0,0,0,0,0,0,0,0,0,0,0
1972.66666666667,0,0,0,0,0,0,0,0,0,0,0
1972.75,0,0,0,0,0,0,0,0,0,0,0
1972.83333333333,0,0,0,0,0,0,0,0,0,0,0
1972.91666666667,0,0,0,0,0,0,0,0,0,0,0
1973,0,0,0,0,0,0,0,0,0,0,0
1973.08333333333,0,0,0,0,0,0,0,0,0,0,0
1973.16666666667,0,0,0,0,0,0,0,0,0,0,0
1973.25,0,0,0,0,0,0,0,0,0,0,0
1973.33333333333,0,0,0,0,0,0,0,0,0,0,0
1973.41666666667,0,0,0,0,0,0,0,0,0,0,0
1973.5,0,0,0,0,0,0,0,0,0,0,0
1973.58333333333,0,0,0,0,0,0,0,0,0,0,0
1973.66666666667,0,0,0,0,0,0,0,0,0,0,0
1973.75,0,0,0,0,0,0,0,0,0,0,0
1973.83333333333,0,0,0,0,0,0,0,0,0,0,0
1973.91666666667,0,0,0,0,0,0,0,0,0,0,0
1974,0.0778860308046386,0,0,0,0,0,0,0,0,0.778860308046386,0
1974.08333333333,0.590034830659131,0,0,0,0.896210778832188,0.877535610881994,0.857475296298717,0.839079102272313,0.798511004773121,0.886362252500035,0.745174261032943
1974.16666666667,0.842964238091192,0.9706591601359,0,0.951833791166431,0.965648212838574,0.955379177002919,0.945595284979758,0.934165991988632,0.901905565862625,0.950165856708142,0.854289340228943
1974.25,0.878963329626645,0.993569458430689,0,0.987226760579953,0.991354859703555,0.987326340661279,0.983745277677159,0.978537206516038,0.959824889987276,0.981488980283806,0.926559522426702
1974.33333333333,0.989767682873713,0.998980922001455,0.966880237500211,0.997469886630016,0.998362051258548,0.99722054018647,0.996236842416778,0.994478100867245,0.986266957910028,0.994208134886067,0.967573155080317
1974.41666666667,0.997130189382801,0.999884129671264,0.99217207768547,0.999628651008792,0.999767981233963,0.999532486823681,0.999329679441387,0.998886595274945,0.996104560525137,0.998479856744913,0.987515875418454
1974.5,0.999281340039537,0.999990598905977,0.99863622364902,0.999959840962108,0.99997554885628,0.999939978159048,0.999908594683509,0.999824928271589,0.999087025825727,0.999666372802892,0.995824288279222
1974.58333333333,0.999833639256144,0.999999457834793,0.999826170071623,0.999996812973923,0.99999808982897,0.999994138944265,0.999990493618591,0.999978611002774,0.99982377425966,0.999938919662666,0.998789924364176
1974.66666666667,0.999963993745607,0.999999977839064,0.999983874965478,0.999999814946616,0.999999889671736,0.999999565838596,0.999999247995757,0.999997975160004,0.999972054020758,0.99999068912379,0.99969684789427
1974.75,0.999992832694985,0.99999999935936,0.999998915521226,0.999999992155828,0.999999995298167,0.999999975651807,0.999999954847557,0.999999851777231,0.999996366030393,0.999998819983354,0.999934456324923
1974.83333333333,0.999998721108849,0.999999999986923,0.999999947268652,0.999999999757678,0.999999999852383,0.999999998967833,0.999999997945534,0.999999991623454,0.999999613093126,0.999999875810944,0.99998778678196
1974.91666666667,0.99999979939319,0.999999999999812,0.999999998150188,0.999999999994552,0.99999999999659,0.999999999966965,0.99999999992925,0.999999999635001,0.999999966311706,0.99999998915664,0.999998040791198
1975,0.999999972642725,0.999999999999998,0.99999999995326,0.999999999999911,0.999999999999942,0.999999999999203,0.999999999998158,0.999999999987749,0.999999997603465,0.999999999215138,0.999999729670426
1975.08333333333,0.999999996775363,1,0.99999999999915,0.999999999999999,0.999999999999999,0.999999999999985,0.999999999999964,0.999999999999684,0.999999999860818,0.999999999952935,0.999999967941097
1975.16666666667,0.999999999672532,1,0.999999999999989,1,1,1,0.999999999999999,0.999999999999994,0.999999999993405,0.999999999997663,0.999999996734269
1975.25,0.999999999971404,1,1,1,1,1,1,1,0.999999999999745,0.999999999999904,0.999999999714395
1975.33333333333,0.999999999997855,1,1,1,1,1,1,1,0.999999999999992,0.999999999999997,0.999999999978565
1975.41666666667,0.999999999999862,1,1,1,1,1,1,1,1,1,0.99999999999862
1975.5,0.999999999999992,1,1,1,1,1,1,1,1,1,0.999999999999924
1975.58333333333,0.8,1,1,1,0,0,1,1,1,1,0.999999999999996
1975.66666666667,0.7,0,1,1,0,0,1,1,1,1,1
1975.75,0.3,0,1,1,0,0,0,0,1,0,0
1975.83333333333,0,0,0,0,0,0,0,0,0,0,0
1975.91666666667,0,0,0,0,0,0,0,0,0,0,0
1976,0,0,0,0,0,0,0,0,0,0,0
1976.08333333333,0,0,0,0,0,0,0,0,0,0,0
1976.16666666667,0,0,0,0,0,0,0,0,0,0,0
1976.25,0,0,0,0,0,0,0,0,0,0,0
1976.33333333333,0,0,0,0,0,0,0,0,0,0,0
1976.41666666667,0,0,0,0,0,0,0,0,0,0,0
1976.5,0,0,0,0,0,0,0,0,0,0,0
1976.58333333333,0,0,0,0,0,0,0,0,0,0,0
1976.66666666667,0,0,0,0,0,0,0,0,0,0,0
1976.75,0,0,0,0,0,0,0,0,0,0,0
1976.83333333333,0,0,0,0,0,0,0,0,0,0,0
1976.91666666667,0,0,0,0,0,0,0,0,0,0,0
1977,0,0,0,0,0,0,0,0,0,0,0
1977.08333333333,0,0,0,0,0,0,0,0,0,0,0
1977.16666666667,0,0,0,0,0,0,0,0,0,0,0
1977.25,0,0,0,0,0,0,0,0,0,0,0
1977.33333333333,0,0,0,0,0,0,0,0,0,0,0
1977.41666666667,0,0,0,0,0,0,0,0,0,0,0
1977.5,0,0,0,0,0,0,0,0,0,0,0
1977.58333333333,0,0,0,0,0,0,0,0,0,0,0
1977.66666666667,0,0,0,0,0,0,0,0,0,0,0
1977.75,0,0,0,0,0,0,0,0,0,0,0
1977.83333333333,0,0,0,0,0,0,0,0,0,0,0
1977.91666666667,0,0,0,0,0,0,0,0,0,0,0
1978,0,0,0,0,0,0,0,0,0,0,0
1978.08333333333,0,0,0,0,0,0,0,0,0,0,0
1978.16666666667,0,0,0,0,0,0,0,0,0,0,0
1978.25,0,0,0,0,0,0,0,0,0,0,0
1978.33333333333,0,0,0,0,0,0,0,0,0,0,0
1978.41666666667,0,0,0,0,0,0,0,0,0,0,0
1978.5,0,0,0,0,0,0,0,0,0,0,0
1978.58333333333,0,0,0,0,0,0,0,0,0,0,0
1978.66666666667,0,0,0,0,0,0,0,0,0,0,0
1978.75,0,0,0,0,0,0,0,0,0,0,0
1978.83333333333,0,0,0,0,0,0,0,0,0,0,0
1978.91666666667,0,0,0,0,0,0,0,0,0,0,0
1979,0,0,0,0,0,0,0,0,0,0,0
1979.08333333333,0,0,0,0,0,0,0,0,0,0,0
1979.16666666667,0,0,0,0,0,0,0,0,0,0,0
1979.25,0,0,0,0,0,0,0,0,0,0,0
1979.33333333333,0,0,0,0,0,0,0,0,0,0,0
1979.41666666667,0,0,0,0,0,0,0,0,0,0,0
1979.5,0,0,0,0,0,0,0,0,0,0,0
1979.58333333333,0,0,0,0,0,0,0,0,0,0,0
1979.66666666667,0,0,0,0,0,0,0,0,0,0,0
1979.75,0,0,0,0,0,0,0,0,0,0,0
1979.83333333333,0,0,0,0,0,0,0,0,0,0,0
1979.91666666667,0,0,0,0,0,0,0,0,0,0,0
1980,0.327392571139054,0,0,0,0,0,0.857475296298717,0.839079102272313,0.798511004773121,0.778860308046386,0
1980.08333333333,0.618694974607818,0,0,0,0.896210778832188,0.877535610881994,0.945595284979758,0.934165991988632,0.901905565862625,0.886362252500035,0.745174261032943
1980.16666666667,0.953696314976159,0.9706591601359,0.966880237500211,0.951833791166431,0.965648212838574,0.955379177002919,0.983745277677159,0.978537206516038,0.959824889987276,0.950165856708142,0.854289340228943
1980.25,0.98366799009655,0.993569458430689,0.99217207768547,0.987226760579953,0.991354859703555,0.987326340661279,0.996236842416778,0.994478100867245,0.986266957910028,0.981488980283806,0.926559522426702
1980.33333333333,0.994677174893336,0.998980922001455,0.99863622364902,0.997469886630016,0.998362051258548,0.99722054018647,0.999329679441387,0.998886595274945,0.996104560525137,0.994208134886067,0.967573155080317
1980.41666666667,0.998345569975352,0.999884129671264,0.999826170071623,0.999628651008792,0.999767981233963,0.999532486823681,0.999908594683509,0.999824928271589,0.999087025825727,0.998479856744913,0.987515875418454
1980.5,0.999513338181203,0.999990598905977,0.999983874965478,0.999959840962108,0.99997554885628,0.999939978159048,0.999990493618591,0.999978611002774,0.99982377425966,0.999666372802892,0.995824288279222
1980.58333333333,0.999868553630654,0.999999457834793,0.999998915521226,0.999996812973923,0.99999808982897,0.999994138944265,0.999999247995757,0.999997975160004,0.999972054020758,0.999938919662666,0.998789924364176
1980.66666666667,0.999968290523791,0.999999977839064,0.999999947268652,0.999999814946616,0.999999889671736,0.999999565838596,0.999999954847557,0.999999851777231,0.999996366030393,0.99999068912379,0.99969684789427
1980.75,0.999993283958574,0.99999999935936,0.999999998150188,0.999999992155828,0.999999995298167,0.999999975651807,0.999999997945534,0.999999991623454,0.999999613093126,0.999998819983354,0.999934456324923
1980.83333333333,0.799998762816672,0.999999999986923,0.99999999995326,0.999999999757678,0,0,0.99999999992925,0.999999999635001,0.999999966311706,0.999999875810944,0.99998778678196
1980.91666666667,0.599999998673971,0,0.99999999999915,0.999999999994552,0,0,0.999999999998158,0.999999999987749,0.999999997603465,0.99999998915664,0
1981,0.59999999990755,0,0.999999999999989,0.999999999999911,0,0,0.999999999999964,0.999999999999684,0.999999999860818,0.999999999215138,0
1981.08333333333,0.599999999994633,0,1,0.999999999999999,0,0,0.999999999999999,0.999999999999994,0.999999999993405,0.999999999952935,0
1981.16666666667,0.499999999999741,0,0,1,0,0,1,1,0.999999999999745,0.999999999997663,0
1981.25,0,0,0,0,0,0,0,0,0,0,0
1981.33333333333,0,0,0,0,0,0,0,0,0,0,0
1981.41666666667,0,0,0,0,0,0,0,0,0,0,0
1981.5,0,0,0,0,0,0,0,0,0,0,0
1981.58333333333,0,0,0,0,0,0,0,0,0,0,0
1981.66666666667,0,0,0,0,0,0,0,0,0,0,0
1981.75,0.579284636213766,0,0,0,0.896210778832188,0.877535610881994,0.857475296298717,0.839079102272313,0.798511004773121,0.778860308046386,0.745174261032943
1981.83333333333,0.933271901420403,0.9706591601359,0.966880237500211,0.951833791166431,0.965648212838574,0.955379177002919,0.945595284979758,0.934165991988632,0.901905565862625,0.886362252500035,0.854289340228943
1981.91666666667,0.975048225037626,0.993569458430689,0.99217207768547,0.987226760579953,0.991354859703555,0.987326340661279,0.983745277677159,0.978537206516038,0.959824889987276,0.950165856708142,0.926559522426702
1982,0.991671366028368,0.998980922001455,0.99863622364902,0.997469886630016,0.998362051258548,0.99722054018647,0.996236842416778,0.994478100867245,0.986266957910028,0.981488980283806,0.967573155080317
1982.08333333333,0.997468426435531,0.999884129671264,0.999826170071623,0.999628651008792,0.999767981233963,0.999532486823681,0.999329679441387,0.998886595274945,0.996104560525137,0.994208134886067,0.987515875418454
1982.16666666667,0.999297453565385,0.999990598905977,0.999983874965478,0.999959840962108,0.99997554885628,0.999939978159048,0.999908594683509,0.999824928271589,0.999087025825727,0.998479856744913,0.995824288279222
1982.25,0.999823659115127,0.999999457834793,0.999998915521226,0.999996812973923,0.99999808982897,0.999994138944265,0.999990493618591,0.999978611002774,0.99982377425966,0.999666372802892,0.998789924364176
1982.33333333333,0.999960424029812,0.999999977839064,0.999999947268652,0.999999814946616,0.999999889671736,0.999999565838596,0.999999247995757,0.999997975160004,0.999972054020758,0.999938919662666,0.99969684789427
1982.41666666667,0.999992127871924,0.99999999935936,0.999999998150188,0.999999992155828,0.999999995298167,0.999999975651807,0.999999954847557,0.999999851777231,0.999996366030393,0.99999068912379,0.999934456324923
1982.5,0.99999862079455,0.999999999986923,0.99999999995326,0.999999999757678,0.999999999852383,0.999999998967833,0.999999997945534,0.999999991623454,0.999999613093126,0.999998819983354,0.99998778678196
1982.58333333333,0.999999788243517,0.999999999999812,0.99999999999915,0.999999999994552,0.99999999999659,0.999999999966965,0.99999999992925,0.999999999635001,0.999999966311706,0.999999875810944,0.999998040791198
1982.66666666667,0.999999971641548,0.999999999999998,0.999999999999989,0.999999999999911,0.999999999999942,0.999999999999203,0.999999999998158,0.999999999987749,0.999999997603465,0.99999998915664,0.999999729670426
1982.75,0.999999996701668,1,1,0.999999999999999,0.999999999999999,0.999999999999985,0.999999999999964,0.999999999999684,0.999999999860818,0.999999999215138,0.999999967941097
1982.83333333333,0.99999999966806,1,1,1,1,1,0.999999999999999,0.999999999999994,0.999999999993405,0.999999999952935,0.999999996734269
1982.91666666667,0.99999999997118,1,1,1,1,1,1,1,0.999999999999745,0.999999999997663,0.999999999714395
1983,0.999999999997846,1,1,1,1,1,1,1,0.999999999999992,0.999999999999904,0.999999999978565
1983.08333333333,0.999999999999862,1,1,1,1,1,1,1,1,0.999999999999997,0.99999999999862
1983.16666666667,0.699999999999992,0,1,1,0,0,1,1,1,1,0.999999999999924
1983.25,0.5,0,1,1,0,0,1,0,1,0,0.999999999999996
1983.33333333333,0,0,0,0,0,0,0,0,0,0,0
1983.41666666667,0,0,0,0,0,0,0,0,0,0,0
1983.5,0,0,0,0,0,0,0,0,0,0,0
1983.58333333333,0,0,0,0,0,0,0,0,0,0,0
1983.66666666667,0,0,0,0,0,0,0,0,0,0,0
1983.75,0,0,0,0,0,0,0,0,0,0,0
1983.83333333333,0,0,0,0,0,0,0,0,0,0,0
1983.91666666667,0,0,0,0,0,0,0,0,0,0,0
1984,0,0,0,0,0,0,0,0,0,0,0
1984.08333333333,0,0,0,0,0,0,0,0,0,0,0
1984.16666666667,0,0,0,0,0,0,0,0,0,0,0
1984.25,0,0,0,0,0,0,0,0,0,0,0
1984.33333333333,0,0,0,0,0,0,0,0,0,0,0
1984.41666666667,0,0,0,0,0,0,0,0,0,0,0
1984.5,0,0,0,0,0,0,0,0,0,0,0
1984.58333333333,0,0,0,0,0,0,0,0,0,0,0
1984.66666666667,0,0,0,0,0,0,0,0,0,0,0
1984.75,0,0,0,0,0,0,0,0,0,0,0
1984.83333333333,0,0,0,0,0,0,0,0,0,0,0
1984.91666666667,0,0,0,0,0,0,0,0,0,0,0
1985,0,0,0,0,0,0,0,0,0,0,0
1985.08333333333,0,0,0,0,0,0,0,0,0,0,0
1985.16666666667,0,0,0,0,0,0,0,0,0,0,0
1985.25,0,0,0,0,0,0,0,0,0,0,0
1985.33333333333,0,0,0,0,0,0,0,0,0,0,0
1985.41666666667,0,0,0,0,0,0,0,0,0,0,0
1985.5,0,0,0,0,0,0,0,0,0,0,0
1985.58333333333,0,0,0,0,0,0,0,0,0,0,0
1985.66666666667,0,0,0,0,0,0,0,0,0,0,0
1985.75,0,0,0,0,0,0,0,0,0,0,0
1985.83333333333,0,0,0,0,0,0,0,0,0,0,0
1985.91666666667,0,0,0,0,0,0,0,0,0,0,0
1986,0,0,0,0,0,0,0,0,0,0,0
1986.08333333333,0,0,0,0,0,0,0,0,0,0,0
1986.16666666667,0,0,0,0,0,0,0,0,0,0,0
1986.25,0,0,0,0,0,0,0,0,0,0,0
1986.33333333333,0,0,0,0,0,0,0,0,0,0,0
1986.41666666667,0,0,0,0,0,0,0,0,0,0,0
1986.5,0,0,0,0,0,0,0,0,0,0,0
1986.58333333333,0,0,0,0,0,0,0,0,0,0,0
1986.66666666667,0,0,0,0,0,0,0,0,0,0,0
1986.75,0,0,0,0,0,0,0,0,0,0,0
1986.83333333333,0,0,0,0,0,0,0,0,0,0,0
1986.91666666667,0,0,0,0,0,0,0,0,0,0,0
1987,0,0,0,0,0,0,0,0,0,0,0
1987.08333333333,0,0,0,0,0,0,0,0,0,0,0
1987.16666666667,0,0,0,0,0,0,0,0,0,0,0
1987.25,0,0,0,0,0,0,0,0,0,0,0
1987.33333333333,0,0,0,0,0,0,0,0,0,0,0
1987.41666666667,0,0,0,0,0,0,0,0,0,0,0
1987.5,0,0,0,0,0,0,0,0,0,0,0
1987.58333333333,0,0,0,0,0,0,0,0,0,0,0
1987.66666666667,0,0,0,0,0,0,0,0,0,0,0
1987.75,0,0,0,0,0,0,0,0,0,0,0
1987.83333333333,0,0,0,0,0,0,0,0,0,0,0
1987.91666666667,0,0,0,0,0,0,0,0,0,0,0
1988,0,0,0,0,0,0,0,0,0,0,0
1988.08333333333,0,0,0,0,0,0,0,0,0,0,0
1988.16666666667,0,0,0,0,0,0,0,0,0,0,0
1988.25,0,0,0,0,0,0,0,0,0,0,0
1988.33333333333,0,0,0,0,0,0,0,0,0,0,0
1988.41666666667,0,0,0,0,0,0,0,0,0,0,0
1988.5,0,0,0,0,0,0,0,0,0,0,0
1988.58333333333,0,0,0,0,0,0,0,0,0,0,0
1988.66666666667,0,0,0,0,0,0,0,0,0,0,0
1988.75,0,0,0,0,0,0,0,0,0,0,0
1988.83333333333,0,0,0,0,0,0,0,0,0,0,0
1988.91666666667,0,0,0,0,0,0,0,0,0,0,0
1989,0,0,0,0,0,0,0,0,0,0,0
1989.08333333333,0,0,0,0,0,0,0,0,0,0,0
1989.16666666667,0,0,0,0,0,0,0,0,0,0,0
1989.25,0,0,0,0,0,0,0,0,0,0,0
1989.33333333333,0,0,0,0,0,0,0,0,0,0,0
1989.41666666667,0,0,0,0,0,0,0,0,0,0,0
1989.5,0,0,0,0,0,0,0,0,0,0,0
1989.58333333333,0,0,0,0,0,0,0,0,0,0,0
1989.66666666667,0,0,0,0,0,0,0,0,0,0,0
1989.75,0,0,0,0,0,0,0,0,0,0,0
1989.83333333333,0,0,0,0,0,0,0,0,0,0,0
1989.91666666667,0,0,0,0,0,0,0,0,0,0,0
1990,0,0,0,0,0,0,0,0,0,0,0
1990.08333333333,0,0,0,0,0,0,0,0,0,0,0
1990.16666666667,0,0,0,0,0,0,0,0,0,0,0
1990.25,0,0,0,0,0,0,0,0,0,0,0
1990.33333333333,0,0,0,0,0,0,0,0,0,0,0
1990.41666666667,0,0,0,0,0,0,0,0,0,0,0
1990.5,0,0,0,0,0,0,0,0,0,0,0
1990.58333333333,0.329398602597381,0,0,0,0,0.877535610881994,0,0.839079102272313,0.798511004773121,0.778860308046386,0
1990.66666666667,0.617667332351806,0,0,0,0.896210778832188,0.955379177002919,0.857475296298717,0.934165991988632,0.901905565862625,0.886362252500035,0.745174261032943
1990.75,0.953076032072255,0.9706591601359,0.966880237500211,0.951833791166431,0.965648212838574,0.987326340661279,0.945595284979758,0.978537206516038,0.959824889987276,0.950165856708142,0.854289340228943
1990.83333333333,0.983408253575107,0.993569458430689,0.99217207768547,0.987226760579953,0.991354859703555,0.99722054018647,0.983745277677159,0.994478100867245,0.986266957910028,0.981488980283806,0.926559522426702
1990.91666666667,0.994599085854596,0.998980922001455,0.99863622364902,0.997469886630016,0.998362051258548,0.999532486823681,0.996236842416778,0.998886595274945,0.996104560525137,0.994208134886067,0.967573155080317
1991,0.998328427584676,0.999884129671264,0.999826170071623,0.999628651008792,0.999767981233963,0.999939978159048,0.999329679441387,0.999824928271589,0.999087025825727,0.998479856744913,0.987515875418454
1991.08333333333,0.999510564366217,0.999990598905977,0.999983874965478,0.999959840962108,0.99997554885628,0.999994138944265,0.999908594683509,0.999978611002774,0.99982377425966,0.999666372802892,0.995824288279222
1991.16666666667,0.999868220882371,0.999999457834793,0.999998915521226,0.999996812973923,0.99999808982897,0.999999565838596,0.999990493618591,0.999997975160004,0.999972054020758,0.999938919662666,0.998789924364176
1991.25,0.999968260819932,0.999999977839064,0.999999947268652,0.999999814946616,0.999999889671736,0.999999975651807,0.999999247995757,0.999999851777231,0.999996366030393,0.99999068912379,0.99969684789427
1991.33333333333,0.999993281980379,0.99999999935936,0.999999998150188,0.999999992155828,0.999999995298167,0.999999998967833,0.999999954847557,0.999999991623454,0.999999613093126,0.999998819983354,0.999934456324923
1991.41666666667,0.999998762600235,0.999999999986923,0.99999999995326,0.999999999757678,0.999999999852383,0.999999999966965,0.999999997945534,0.999999999635001,0.999999966311706,0.999999875810944,0.99998778678196
1991.5,0.999999802745761,0.999999999999812,0.99999999999915,0.999999999994552,0.99999999999659,0.999999999999203,0.99999999992925,0.999999999987749,0.999999997603465,0.99999998915664,0.999998040791198
1991.58333333333,0.999999972874405,0.999999999999998,0.999999999999989,0.999999999999911,0.999999999999942,0.999999999999985,0.999999999998158,0.999999999999684,0.999999999860818,0.999999999215138,0.999999729670426
1991.66666666667,0.999999996788739,1,1,0.999999999999999,0.999999999999999,1,0.999999999999964,0.999999999999994,0.999999999993405,0.999999999952935,0.999999967941097
1991.75,0.999999999673168,1,1,1,1,1,0.999999999999999,1,0.999999999999745,0.999999999997663,0.999999996734269
1991.83333333333,0.999999999971429,1,1,1,1,1,1,1,0.999999999999992,0.999999999999904,0.999999999714395
1991.91666666667,0.999999999997856,1,1,1,1,1,1,1,1,0.999999999999997,0.999999999978565
1992,0.999999999999862,1,1,1,1,1,1,1,1,1,0.99999999999862
1992.08333333333,0.999999999999992,1,1,1,1,1,1,1,1,1,0.999999999999924
1992.16666666667,0.8,1,1,1,0,0,1,1,1,1,0.999999999999996
1992.25,0.8,1,1,1,0,0,1,1,1,1,1
1992.33333333333,0.7,0,1,1,0,0,1,1,1,1,1
1992.41666666667,0.6,0,0,1,0,0,1,1,1,1,1
1992.5,0.5,0,0,0,0,0,1,1,1,1,1
1992.58333333333,0.1,0,0,0,0,0,0,0,0,0,1
1992.66666666667,0.1,0,0,0,0,0,0,0,0,0,1
1992.75,0.1,0,0,0,0,0,0,0,0,0,1
1992.83333333333,0.1,0,0,0,0,0,0,0,0,0,1
1992.91666666667,0,0,0,0,0,0,0,0,0,0,0
1993,0,0,0,0,0,0,0,0,0,0,0
1993.08333333333,0,0,0,0,0,0,0,0,0,0,0
1993.16666666667,0,0,0,0,0,0,0,0,0,0,0
1993.25,0,0,0,0,0,0,0,0,0,0,0
1993.33333333333,0,0,0,0,0,0,0,0,0,0,0
1993.41666666667,0,0,0,0,0,0,0,0,0,0,0
1993.5,0,0,0,0,0,0,0,0,0,0,0
1993.58333333333,0,0,0,0,0,0,0,0,0,0,0
1993.66666666667,0,0,0,0,0,0,0,0,0,0,0
1993.75,0,0,0,0,0,0,0,0,0,0,0
1993.83333333333,0,0,0,0,0,0,0,0,0,0,0
1993.91666666667,0,0,0,0,0,0,0,0,0,0,0
1994,0,0,0,0,0,0,0,0,0,0,0
1994.08333333333,0,0,0,0,0,0,0,0,0,0,0
1994.16666666667,0,0,0,0,0,0,0,0,0,0,0
1994.25,0,0,0,0,0,0,0,0,0,0,0
1994.33333333333,0,0,0,0,0,0,0,0,0,0,0
1994.41666666667,0,0,0,0,0,0,0,0,0,0,0
1994.5,0,0,0,0,0,0,0,0,0,0,0
1994.58333333333,0,0,0,0,0,0,0,0,0,0,0
1994.66666666667,0,0,0,0,0,0,0,0,0,0,0
1994.75,0,0,0,0,0,0,0,0,0,0,0
1994.83333333333,0,0,0,0,0,0,0,0,0,0,0
1994.91666666667,0,0,0,0,0,0,0,0,0,0,0
1995,0,0,0,0,0,0,0,0,0,0,0
1995.08333333333,0,0,0,0,0,0,0,0,0,0,0
1995.16666666667,0,0,0,0,0,0,0,0,0,0,0
1995.25,0,0,0,0,0,0,0,0,0,0,0
1995.33333333333,0,0,0,0,0,0,0,0,0,0,0
1995.41666666667,0,0,0,0,0,0,0,0,0,0,0
1995.5,0,0,0,0,0,0,0,0,0,0,0
1995.58333333333,0,0,0,0,0,0,0,0,0,0,0
1995.66666666667,0,0,0,0,0,0,0,0,0,0,0
1995.75,0,0,0,0,0,0,0,0,0,0,0
1995.83333333333,0,0,0,0,0,0,0,0,0,0,0
1995.91666666667,0,0,0,0,0,0,0,0,0,0,0
1996,0,0,0,0,0,0,0,0,0,0,0
1996.08333333333,0,0,0,0,0,0,0,0,0,0,0
1996.16666666667,0,0,0,0,0,0,0,0,0,0,0
1996.25,0,0,0,0,0,0,0,0,0,0,0
1996.33333333333,0,0,0,0,0,0,0,0,0,0,0
1996.41666666667,0,0,0,0,0,0,0,0,0,0,0
1996.5,0,0,0,0,0,0,0,0,0,0,0
1996.58333333333,0,0,0,0,0,0,0,0,0,0,0
1996.66666666667,0,0,0,0,0,0,0,0,0,0,0
1996.75,0,0,0,0,0,0,0,0,0,0,0
1996.83333333333,0,0,0,0,0,0,0,0,0,0,0
1996.91666666667,0,0,0,0,0,0,0,0,0,0,0
1997,0,0,0,0,0,0,0,0,0,0,0
1997.08333333333,0,0,0,0,0,0,0,0,0,0,0
1997.16666666667,0,0,0,0,0,0,0,0,0,0,0
1997.25,0,0,0,0,0,0,0,0,0,0,0
1997.33333333333,0,0,0,0,0,0,0,0,0,0,0
1997.41666666667,0,0,0,0,0,0,0,0,0,0,0
1997.5,0,0,0,0,0,0,0,0,0,0,0
1997.58333333333,0,0,0,0,0,0,0,0,0,0,0
1997.66666666667,0,0,0,0,0,0,0,0,0,0,0
1997.75,0,0,0,0,0,0,0,0,0,0,0
1997.83333333333,0,0,0,0,0,0,0,0,0,0,0
1997.91666666667,0,0,0,0,0,0,0,0,0,0,0
1998,0,0,0,0,0,0,0,0,0,0,0
1998.08333333333,0,0,0,0,0,0,0,0,0,0,0
1998.16666666667,0,0,0,0,0,0,0,0,0,0,0
1998.25,0,0,0,0,0,0,0,0,0,0,0
1998.33333333333,0,0,0,0,0,0,0,0,0,0,0
1998.41666666667,0,0,0,0,0,0,0,0,0,0,0
1998.5,0,0,0,0,0,0,0,0,0,0,0
1998.58333333333,0,0,0,0,0,0,0,0,0,0,0
1998.66666666667,0,0,0,0,0,0,0,0,0,0,0
1998.75,0,0,0,0,0,0,0,0,0,0,0
1998.83333333333,0,0,0,0,0,0,0,0,0,0,0
1998.91666666667,0,0,0,0,0,0,0,0,0,0,0
1999,0,0,0,0,0,0,0,0,0,0,0
1999.08333333333,0,0,0,0,0,0,0,0,0,0,0
1999.16666666667,0,0,0,0,0,0,0,0,0,0,0
1999.25,0,0,0,0,0,0,0,0,0,0,0
1999.33333333333,0,0,0,0,0,0,0,0,0,0,0
1999.41666666667,0,0,0,0,0,0,0,0,0,0,0
1999.5,0,0,0,0,0,0,0,0,0,0,0
1999.58333333333,0,0,0,0,0,0,0,0,0,0,0
1999.66666666667,0,0,0,0,0,0,0,0,0,0,0
1999.75,0,0,0,0,0,0,0,0,0,0,0
1999.83333333333,0,0,0,0,0,0,0,0,0,0,0
1999.91666666667,0,0,0,0,0,0,0,0,0,0,0
2000,0,0,0,0,0,0,0,0,0,0,0
2000.08333333333,0,0,0,0,0,0,0,0,0,0,0
2000.16666666667,0,0,0,0,0,0,0,0,0,0,0
2000.25,0,0,0,0,0,0,0,0,0,0,0
2000.33333333333,0,0,0,0,0,0,0,0,0,0,0
2000.41666666667,0,0,0,0,0,0,0,0,0,0,0
2000.5,0,0,0,0,0,0,0,0,0,0,0
2000.58333333333,0,0,0,0,0,0,0,0,0,0,0
2000.66666666667,0,0,0,0,0,0,0,0,0,0,0
2000.75,0,0,0,0,0,0,0,0,0,0,0
2000.83333333333,0,0,0,0,0,0,0,0,0,0,0
2000.91666666667,0,0,0,0,0,0,0,0,0,0,0
2001,0,0,0,0,0,0,0,0,0,0,0
2001.08333333333,0,0,0,0,0,0,0,0,0,0,0
2001.16666666667,0.165598630107184,0,0,0,0,0,0.857475296298717,0,0.798511004773121,0,0
2001.25,0.516244831336045,0,0,0.951833791166431,0,0,0.945595284979758,0.839079102272313,0.901905565862625,0.778860308046386,0.745174261032943
2001.33333333333,0.737936090267618,0,0,0.987226760579953,0.896210778832188,0.877535610881994,0.983745277677159,0.934165991988632,0.959824889987276,0.886362252500035,0.854289340228943
2001.41666666667,0.969380306008531,0.9706591601359,0.966880237500211,0.997469886630016,0.965648212838574,0.955379177002919,0.996236842416778,0.978537206516038,0.986266957910028,0.950165856708142,0.926559522426702
2001.5,0.990302586368768,0.993569458430689,0.99217207768547,0.999628651008792,0.991354859703555,0.987326340661279,0.999329679441387,0.994478100867245,0.996104560525137,0.981488980283806,0.967573155080317
2001.58333333333,0.99727658041463,0.998980922001455,0.99863622364902,0.999959840962108,0.998362051258548,0.99722054018647,0.999908594683509,0.998886595274945,0.999087025825727,0.994208134886067,0.987515875418454
2001.66666666667,0.999295092194843,0.999884129671264,0.999826170071623,0.999996812973923,0.999767981233963,0.999532486823681,0.999990493618591,0.999824928271589,0.99982377425966,0.998479856744913,0.995824288279222
2001.75,0.999829602601976,0.999990598905977,0.999983874965478,0.999999814946616,0.99997554885628,0.999939978159048,0.999999247995757,0.999978611002774,0.999972054020758,0.999666372802892,0.998789924364176
2001.83333333333,0.999962065787997,0.999999457834793,0.999998915521226,0.999999992155828,0.99999808982897,0.999994138944265,0.999999954847557,0.999997975160004,0.999996366030393,0.999938919662666,0.99969684789427
2001.91666666667,0.999992398864033,0.999999977839064,0.999999947268652,0.999999999757678,0.999999889671736,0.999999565838596,0.999999997945534,0.999999851777231,0.999999613093126,0.99999068912379,0.999934456324923
2002,0.99999865330838,0.99999999935936,0.999999998150188,0.999999999994552,0.999999995298167,0.999999975651807,0.99999999992925,0.999999991623454,0.999999966311706,0.999998819983354,0.99998778678196
2002.08333333333,0.999999791259908,0.999999999986923,0.99999999995326,0.999999999999911,0.999999999852383,0.999999998967833,0.999999999998158,0.999999999635001,0.999999997603465,0.999999875810944,0.999998040791198
2002.16666666667,0.999999971863811,0.999999999999812,0.99999999999915,0.999999999999999,0.99999999999659,0.999999999966965,0.999999999999964,0.999999999987749,0.999999999860818,0.99999998915664,0.999999729670426
2002.25,0.999999996714845,0.999999999999998,0.999999999999989,1,0.999999999999942,0.999999999999203,0.999999999999999,0.999999999999684,0.999999999993405,0.999999999215138,0.999999967941097
2002.33333333333,0.999999999668693,1,1,1,0.999999999999999,0.999999999999985,1,0.999999999999994,0.999999999999745,0.999999999952935,0.999999996734269
2002.41666666667,0.999999999971205,1,1,1,1,1,1,1,0.999999999999992,0.999999999997663,0.999999999714395
2002.5,0.999999999997847,1,1,1,1,1,1,1,1,0.999999999999904,0.999999999978565
2002.58333333333,0.999999999999862,1,1,1,1,1,1,1,1,0.999999999999997,0.99999999999862
2002.66666666667,0.699999999999992,0,1,1,0,0,1,1,1,1,0.999999999999924
2002.75,0.7,0,1,1,0,0,1,1,1,1,0.999999999999996
2002.83333333333,0.7,0,1,1,0,0,1,1,1,1,1
2002.91666666667,0.7,0,1,1,0,0,1,1,1,1,1
2003,0.7,0,1,1,0,0,1,1,1,1,1
2003.08333333333,0.7,0,1,1,0,0,1,1,1,1,1
2003.16666666667,0.7,0,1,1,0,0,1,1,1,1,1
2003.25,0.7,0,1,1,0,0,1,1,1,1,1
2003.33333333333,0.7,0,1,1,0,0,1,1,1,1,1
2003.41666666667,0.7,0,1,1,0,0,1,1,1,1,1
2003.5,0.7,0,1,1,0,0,1,1,1,1,1
2003.58333333333,0.7,0,1,1,0,0,1,1,1,1,1
2003.66666666667,0.7,0,1,1,0,0,1,1,1,1,1
2003.75,0.7,0,1,1,0,0,1,1,1,1,1
2003.83333333333,0.6,0,1,1,0,0,1,1,1,1,0
2003.91666666667,0.1,0,0,1,0,0,0,0,0,0,0
2004,0,0,0,0,0,0,0,0,0,0,0
2004.08333333333,0,0,0,0,0,0,0,0,0,0,0
2004.16666666667,0,0,0,0,0,0,0,0,0,0,0
2004.25,0,0,0,0,0,0,0,0,0,0,0
2004.33333333333,0,0,0,0,0,0,0,0,0,0,0
2004.41666666667,0,0,0,0,0,0,0,0,0,0,0
2004.5,0,0,0,0,0,0,0,0,0,0,0
2004.58333333333,0,0,0,0,0,0,0,0,0,0,0
2004.66666666667,0,0,0,0,0,0,0,0,0,0,0
2004.75,0,0,0,0,0,0,0,0,0,0,0
2004.83333333333,0,0,0,0,0,0,0,0,0,0,0
2004.91666666667,0,0,0,0,0,0,0,0,0,0,0
2005,0,0,0,0,0,0,0,0,0,0,0
2005.08333333333,0,0,0,0,0,0,0,0,0,0,0
2005.16666666667,0,0,0,0,0,0,0,0,0,0,0
2005.25,0,0,0,0,0,0,0,0,0,0,0
2005.33333333333,0,0,0,0,0,0,0,0,0,0,0
2005.41666666667,0,0,0,0,0,0,0,0,0,0,0
2005.5,0,0,0,0,0,0,0,0,0,0,0
2005.58333333333,0,0,0,0,0,0,0,0,0,0,0
2005.66666666667,0,0,0,0,0,0,0,0,0,0,0
2005.75,0,0,0,0,0,0,0,0,0,0,0
2005.83333333333,0,0,0,0,0,0,0,0,0,0,0
2005.91666666667,0,0,0,0,0,0,0,0,0,0,0
2006,0,0,0,0,0,0,0,0,0,0,0
2006.08333333333,0,0,0,0,0,0,0,0,0,0,0
2006.16666666667,0,0,0,0,0,0,0,0,0,0,0
2006.25,0,0,0,0,0,0,0,0,0,0,0
2006.33333333333,0,0,0,0,0,0,0,0,0,0,0
2006.41666666667,0,0,0,0,0,0,0,0,0,0,0
2006.5,0,0,0,0,0,0,0,0,0,0,0
2006.58333333333,0,0,0,0,0,0,0,0,0,0,0
2006.66666666667,0,0,0,0,0,0,0,0,0,0,0
2006.75,0,0,0,0,0,0,0,0,0,0,0
2006.83333333333,0,0,0,0,0,0,0,0,0,0,0
2006.91666666667,0,0,0,0,0,0,0,0,0,0,0
2007,0,0,0,0,0,0,0,0,0,0,0
2007.08333333333,0,0,0,0,0,0,0,0,0,0,0
2007.16666666667,0,0,0,0,0,0,0,0,0,0,0
2007.25,0,0,0,0,0,0,0,0,0,0,0
2007.33333333333,0,0,0,0,0,0,0,0,0,0,0
2007.41666666667,0,0,0,0,0,0,0,0,0,0,0
2007.5,0,0,0,0,0,0,0,0,0,0,0
2007.58333333333,0,0,0,0,0,0,0,0,0,0,0
2007.66666666667,0,0,0,0,0,0,0,0,0,0,0
2007.75,0,0,0,0,0,0,0,0,0,0,0
2007.83333333333,0,0,0,0,0,0,0,0,0,0,0
2007.91666666667,0,0,0,0,0,0,0,0,0,0,0
2008,0,0,0,0,0,0,0,0,0,0,0
2008.08333333333,0,0,0,0,0,0,0,0,0,0,0
2008.16666666667,0.0798511004773121,0,0,0,0,0,0,0,0.798511004773121,0,0
2008.25,0.175938086216134,0,0,0,0,0,0.857475296298717,0,0.901905565862625,0,0
2008.33333333333,0.699411402719929,0,0,0.951833791166431,0.896210778832188,0.877535610881994,0.945595284979758,0.839079102272313,0.959824889987276,0.778860308046386,0.745174261032943
2008.41666666667,0.949062336836235,0.9706591601359,0.966880237500211,0.987226760579953,0.965648212838574,0.955379177002919,0.983745277677159,0.934165991988632,0.986266957910028,0.886362252500035,0.854289340228943
2008.5,0.980949661170381,0.993569458430689,0.99217207768547,0.997469886630016,0.991354859703555,0.987326340661279,0.996236842416778,0.978537206516038,0.996104560525137,0.950165856708142,0.926559522426702
2008.58333333333,0.993478532960276,0.998980922001455,0.99863622364902,0.999628651008792,0.998362051258548,0.99722054018647,0.999329679441387,0.994478100867245,0.999087025825727,0.981488980283806,0.967573155080317
2008.66666666667,0.997931358328527,0.999884129671264,0.999826170071623,0.999959840962108,0.999767981233963,0.999532486823681,0.999908594683509,0.998886595274945,0.99982377425966,0.994208134886067,0.987515875418454
2008.75,0.999397843479578,0.999990598905977,0.999983874965478,0.999996812973923,0.99997554885628,0.999939978159048,0.999990493618591,0.999824928271589,0.999972054020758,0.998479856744913,0.995824288279222
2008.83333333333,0.999842093927186,0.999999457834793,0.999998915521226,0.999999814946616,0.99999808982897,0.999994138944265,0.999999247995757,0.999978611002774,0.999996366030393,0.999666372802892,0.998789924364176
2008.91666666667,0.99996326834315,0.999999977839064,0.999999947268652,0.999999992155828,0.999999889671736,0.999999565838596,0.999999954847557,0.999997975160004,0.999999613093126,0.999938919662666,0.99969684789427
2009,0.999992492970038,0.99999999935936,0.999999998150188,0.999999999757678,0.999999995298167,0.999999975651807,0.999999997945534,0.999999851777231,0.999999966311706,0.99999068912379,0.999934456324923
2009.08333333333,0.999998659467643,0.999999999986923,0.99999999995326,0.999999999994552,0.999999999852383,0.999999998967833,0.99999999992925,0.999999991623454,0.999999997603465,0.999998819983354,0.99998778678196
2009.16666666667,0.999999791605855,0.999999999999812,0.99999999999915,0.999999999999911,0.99999999999659,0.999999999966965,0.999999999998158,0.999999999635001,0.999999999860818,0.999999875810944,0.999998040791198
2009.25,0.999999971880732,0.999999999999998,0.999999999999989,0.999999999999999,0.999999999999942,0.999999999999203,0.999999999999964,0.999999999987749,0.999999999993405,0.99999998915664,0.999999729670426
2009.33333333333,0.999999996715565,1,1,1,0.999999999999999,0.999999999999985,0.999999999999999,0.999999999999684,0.999999999999745,0.999999999215138,0.999999967941097
2009.41666666667,0.999999999668719,1,1,1,1,1,1,0.999999999999994,0.999999999999992,0.999999999952935,0.999999996734269
2009.5,0.999999999971206,1,1,1,1,1,1,1,1,0.999999999997663,0.999999999714395
2009.58333333333,0.999999999997847,1,1,1,1,1,1,1,1,0.999999999999904,0.999999999978565
2009.66666666667,0.999999999999862,1,1,1,1,1,1,1,1,0.999999999999997,0.99999999999862
2009.75,0.999999999999992,1,1,1,1,1,1,1,1,1,0.999999999999924
2009.83333333333,1,1,1,1,1,1,1,1,1,1,0.999999999999996
2009.91666666667,1,1,1,1,1,1,1,1,1,1,1
2010,0.6,0,1,1,0,0,0,1,1,1,1
2010.08333333333,0.3,0,0,1,0,0,0,0,1,0,1
2010.16666666667,0.1,0,0,0,0,0,0,0,0,0,1
2010.25,0.1,0,0,0,0,0,0,0,0,0,1
2010.33333333333,0,0,0,0,0,0,0,0,0,0,0
2010.41666666667,0,0,0,0,0,0,0,0,0,0,0
2010.5,0,0,0,0,0,0,0,0,0,0,0
2010.58333333333,0,0,0,0,0,0,0,0,0,0,0
2010.66666666667,0,0,0,0,0,0,0,0,0,0,0
2010.75,0,0,0,0,0,0,0,0,0,0,0
2010.83333333333,0,0,0,0,0,0,0,0,0,0,0
2010.91666666667,0,0,0,0,0,0,0,0,0,0,0
2011,0,0,0,0,0,0,0,0,0,0,0
2011.08333333333,0,0,0,0,0,0,0,0,0,0,0
2011.16666666667,0,0,0,0,0,0,0,0,0,0,0
2011.25,0,0,0,0,0,0,0,0,0,0,0
2011.33333333333,0,0,0,0,0,0,0,0,0,0,0
2011.41666666667,0,0,0,0,0,0,0,0,0,0,0
2011.5,0,0,0,0,0,0,0,0,0,0,0
2011.58333333333,0,0,0,0,0,0,0,0,0,0,0
2011.66666666667,0,0,0,0,0,0,0,0,0,0,0
2011.75,0,0,0,0,0,0,0,0,0,0,0
2011.83333333333,0,0,0,0,0,0,0,0,0,0,0
2011.91666666667,0,0,0,0,0,0,0,0,0,0,0
2012,0,0,0,0,0,0,0,0,0,0,0
2012.08333333333,0,0,0,0,0,0,0,0,0,0,0
2012.16666666667,0,0,0,0,0,0,0,0,0,0,0
2012.25,0,0,0,0,0,0,0,0,0,0,0
2012.33333333333,0,0,0,0,0,0,0,0,0,0,0
2012.41666666667,0,0,0,0,0,0,0,0,0,0,0
2012.5,0,0,0,0,0,0,0,0,0,0,0
2012.58333333333,0,0,0,0,0,0,0,0,0,0,0
2012.66666666667,0,0,0,0,0,0,0,0,0,0,0
2012.75,0,0,0,0,0,0,0,0,0,0,0
2012.83333333333,0,0,0,0,0,0,0,0,0,0,0
2012.91666666667,0,0,0,0,0,0,0,0,0,0,0
2013,0,0,0,0,0,0,0,0,0,0,0
2013.08333333333,0,0,0,0,0,0,0,0,0,0,0
2013.16666666667,0,0,0,0,0,0,0,0,0,0,0
2013.25,0,0,0,0,0,0,0,0,0,0,0
2013.33333333333,0,0,0,0,0,0,0,0,0,0,0
2013.41666666667,0,0,0,0,0,0,0,0,0,0,0
2013.5,0,0,0,0,0,0,0,0,0,0,0
2013.58333333333,0,0,0,0,0,0,0,0,0,0,0
2013.66666666667,0,0,0,0,0,0,0,0,0,0,0
2013.75,0,0,0,0,0,0,0,0,0,0,0
2013.83333333333,0,0,0,0,0,0,0,0,0,0,0
2013.91666666667,0,0,0,0,0,0,0,0,0,0,0
2014,0,0,0,0,0,0,0,0,0,0,0
2014.08333333333,0,0,0,0,0,0,0,0,0,0,0
2014.16666666667,0,0,0,0,0,0,0,0,0,0,0
2014.25,0,0,0,0,0,0,0,0,0,0,0
2014.33333333333,0,0,0,0,0,0,0,0,0,0,0
2014.41666666667,0,0,0,0,0,0,0,0,0,0,0
2014.5,0,0,0,0,0,0,0,0,0,0,0
2014.58333333333,0,0,0,0,0,0,0,0,0,0,0
2014.66666666667,0,0,0,0,0,0,0,0,0,0,0
2014.75,0,0,0,0,0,0,0,0,0,0,0
2014.83333333333,0,0,0,0,0,0,0,0,0,0,0
2014.91666666667,0,0,0,0,0,0,0,0,0,0,0
2015,0,0,0,0,0,0,0,0,0,0,0
2015.08333333333,0,0,0,0,0,0,0,0,0,0,0
2015.16666666667,0,0,0,0,0,0,0,0,0,0,0
2015.25,0,0,0,0,0,0,0,0,0,0,0
2015.33333333333,0,0,0,0,0,0,0,0,0,0,0
2015.41666666667,0,0,0,0,0,0,0,0,0,0,0
2015.5,0,0,0,0,0,0,0,0,0,0,0
2015.58333333333,0,0,0,0,0,0,0,0,0,0,0
2015.66666666667,0,0,0,0,0,0,0,0,0,0,0
2015.75,0,0,0,0,0,0,0,0,0,0,0
2015.83333333333,0,0,0,0,0,0,0,0,0,0,0
2015.91666666667,0,0,0,0,0,0,0,0,0,0,0
2016,0,0,0,0,0,0,0,0,0,0,0
2016.08333333333,0,0,0,0,0,0,0,0,0,0,0
2016.16666666667,0,0,0,0,0,0,0,0,0,0,0
2016.25,0,0,0,0,0,0,0,0,0,0,0
2016.33333333333,0,0,0,0,0,0,0,0,0,0,0
2016.41666666667,0,0,0,0,0,0,0,0,0,0,0
2016.5,0,0,0,0,0,0,0,0,0,0,0
2016.58333333333,0,0,0,0,0,0,0,0,0,0,0
2016.66666666667,0,0,0,0,0,0,0,0,0,0,0
2016.75,0,0,0,0,0,0,0,0,0,0,0
2016.83333333333,0,0,0,0,0,0,0,0,0,0,0
2016.91666666667,0,0,0,0,0,0,0,0,0,0,0
2017,0,0,0,0,0,0,0,0,0,0,0
2017.08333333333,0,0,0,0,0,0,0,0,0,0,0
2017.16666666667,0,0,0,0,0,0,0,0,0,0,0
2017.25,0,0,0,0,0,0,0,0,0,0,0
2017.33333333333,0,0,0,0,0,0,0,0,0,0,0
2017.41666666667,0,0,0,0,0,0,0,0,0,0,0
2017.5,0,0,0,0,0,0,0,0,0,0,0
2017.58333333333,0,0,0,0,0,0,0,0,0,0,0
2017.66666666667,0,0,0,0,0,0,0,0,0,0,0
2017.75,0,0,0,0,0,0,0,0,0,0,0
2017.83333333333,0,0,0,0,0,0,0,0,0,0,0
2017.91666666667,0,0,0,0,0,0,0,0,0,0,0
2018,0,0,0,0,0,0,0,0,0,0,0
2018.08333333333,0,0,0,0,0,0,0,0,0,0,0
2018.16666666667,0,0,0,0,0,0,0,0,0,0,0
2018.25,0,0,0,0,0,0,0,0,0,0,0
2018.33333333333,0,0,0,0,0,0,0,0,0,0,0
2018.41666666667,0,0,0,0,0,0,0,0,0,0,0
2018.5,0,0,0,0,0,0,0,0,0,0,0
2018.58333333333,0,0,0,0,0,0,0,0,0,0,0
2018.66666666667,0,0,0,0,0,0,0,0,0,0,0
2018.75,0,0,0,0,0,0,0,0,0,0,0
2018.83333333333,0,0,0,0,0,0,0,0,0,0,0
2018.91666666667,0,0,0,0,0,0,0,0,0,0,0
2019,0,0,0,0,0,0,0,0,0,0,0
2019.08333333333,0,0,0,0,0,0,0,0,0,0,0
2019.16666666667,0,0,0,0,0,0,0,0,0,0,0
2019.25,0,0,0,0,0,0,0,0,0,0,0
2019.33333333333,0,0,0,0,0,0,0,0,0,0,0
2019.41666666667,0,0,0,0,0,0,0,0,0,0,0
2019.5,0,0,0,0,0,0,0,0,0,0,0
2019.58333333333,0,0,0,0,0,0,0,0,0,0,0
2019.66666666667,0,0,0,0,0,0,0,0,0,0,0
2019.75,0,0,0,0,0,0,0,0,0,0,0
2019.83333333333,0,0,0,0,0,0,0,0,0,0,0
2019.91666666667,0,0,0,0,0,0,0,0,0,0,0
2020,0,0,0,0,0,0,0,0,0,0,0
2020.08333333333,0,0,0,0,0,0,0,0,0,0,0
2020.16666666667,0,0,0,0,0,0,0,0,0,0,0
2020.25,0.674468015330409,0,0,0.951833791166431,0.896210778832188,0.877535610881994,0.857475296298717,0.839079102272313,0.798511004773121,0.778860308046386,0.745174261032943
2020.33333333333,0.936811198361755,0.9706591601359,0.966880237500211,0.987226760579953,0.965648212838574,0.955379177002919,0.945595284979758,0.934165991988632,0.901905565862625,0.886362252500035,0.854289340228943
2020.41666666667,0.976072537642633,0.993569458430689,0.99217207768547,0.997469886630016,0.991354859703555,0.987326340661279,0.983745277677159,0.978537206516038,0.959824889987276,0.950165856708142,0.926559522426702
2020.5,0.991887242466246,0.998980922001455,0.99863622364902,0.999628651008792,0.998362051258548,0.99722054018647,0.996236842416778,0.994478100867245,0.986266957910028,0.981488980283806,0.967573155080317
2020.58333333333,0.997501545430863,0.999884129671264,0.999826170071623,0.999959840962108,0.999767981233963,0.999532486823681,0.999329679441387,0.998886595274945,0.996104560525137,0.994208134886067,0.987515875418454
2020.66666666667,0.799309598065034,0.999990598905977,0.999983874965478,0.999996812973923,0,0,0.999908594683509,0.999824928271589,0.999087025825727,0.998479856744913,0.995824288279222
2020.75,0.699824790651594,0,0.999998915521226,0.999999814946616,0,0,0.999990493618591,0.999978611002774,0.99982377425966,0.999666372802892,0.998789924364176
2020.83333333333,0.399997124144099,0,0.999999947268652,0.999999992155828,0,0,0.999999247995757,0,0.999972054020758,0,0
2020.91666666667,0.0999999999757678,0,0,0.999999999757678,0,0,0,0,0,0,0
2021,0,0,0,0,0,0,0,0,0,0,0
2021.08333333333,0,0,0,0,0,0,0,0,0,0,0
2021.16666666667,0,0,0,0,0,0,0,0,0,0,0
2021.25,0,0,0,0,0,0,0,0,0,0,0
2021.33333333333,0,0,0,0,0,0,0,0,0,0,0
2021.41666666667,0,0,0,0,0,0,0,0,0,0,0
2021.5,0,0,0,0,0,0,0,0,0,0,0
2021.58333333333,0,0,0,0,0,0,0,0,0,0,0
2021.66666666667,0,0,0,0,0,0,0,0,0,0,0
2021.75,0,0,0,0,0,0,0,0,0,0,0
2021.83333333333,0,0,0,0,0,0,0,0,0,0,0
2021.91666666667,0,0,0,0,0,0,0,0,0,0,0
2022,0,0,0,0,0,0,0,0,0,0,0
2022.08333333333,0,0,0,0,0,0,0,0,0,0,0
2022.16666666667,0,0,0,0,0,0,0,0,0,0,0
2022.25,0,0,0,0,0,0,0,0,0,0,0
2022.33333333333,0,0,0,0,0,0,0,0,0,0,0
2022.41666666667,0,0,0,0,0,0,0,0,0,0,0
2022.5,0,0,0,0,0,0,0,0,0,0,0
2022.58333333333,0,0,0,0,0,0,0,0,0,0,0
2022.66666666667,0,0,0,0,0,0,0,0,0,0,0
2022.75,0,0,0,0,0,0,0,0,0,0,0
2022.83333333333,0,0,0,0,0,0,0,0,0,0,0
2022.91666666667,0,0,0,0,0,0,0,0,0,0,0
2023,0,0,0,0,0,0,0,0,0,0,0
2023.08333333333,0,0,0,0,0,0,0,0,0,0,0
2023.16666666667,0,0,0,0,0,0,0,0,0,0,0
2023.25,0,0,0,0,0,0,0,0,0,0,0
2023.33333333333,0,0,0,0,0,0,0,0,0,0,0
2023.41666666667,0,0,0,0,0,0,0,0,0,0,0
2023.5,0,0,0,0,0,0,0,0,0,0,0
2023.58333333333,0.0745174261032943,0,0,0,0,0,0,0,0,0,0.745174261032943
2023.66666666667,0.165280034500206,0,0,0,0,0,0,0,0.798511004773121,0,0.854289340228943
2023.75,0.430387979490674,0,0,0,0,0,0.857475296298717,0.839079102272313,0.901905565862625,0.778860308046386,0.926559522426702
2023.83333333333,0.564535536570245,0,0,0.951833791166431,0,0,0.945595284979758,0.934165991988632,0.959824889987276,0.886362252500035,0.967573155080317
2023.91666666667,0.587345793480977,0,0,0.987226760579953,0,0,0.983745277677159,0.978537206516038,0.986266957910028,0.950165856708142,0.987515875418454
2024,0.59616026590022,0,0,0.997469886630016,0,0,0.996236842416778,0.994478100867245,0.996104560525137,0.981488980283806,0.995824288279222
2024.08333333333,0.59899300108011,0,0,0.999628651008792,0,0,0.999329679441387,0.998886595274945,0.999087025825727,0.994208134886067,0.998789924364176
2024.16666666667,0.599769384281605,0,0,0.999959840962108,0,0,0.999908594683509,0.999824928271589,0.99982377425966,0.998479856744913,0.99969684789427
2024.25,0.599953880074386,0,0,0.999996812973923,0,0,0.999990493618591,0.999978611002774,0.999972054020758,0.999666372802892,0.999934456324923
2024.33333333333,0.59999201105774,0,0,0.999999814946616,0,0,0.999999247995757,0.999997975160004,0.999996366030393,0.999938919662666,0.99998778678196
2024.41666666667,0.777373453150291,0,0,0.999999992155828,0.896210778832188,0.877535610881994,0.999999954847557,0.999999851777231,0.999999613093126,0.99999068912379,0.999998040791198
2024.5,0.792102589513365,0,0,0.999999999757678,0.965648212838574,0.955379177002919,0.999999997945534,0.999999991623454,0.999999966311706,0.999998819983354,0.999999729670426
2024.58333333333,0.991622043891525,0.9706591601359,0.966880237500211,0.999999999994552,0.991354859703555,0.987326340661279,0.99999999992925,0.999999999635001,0.999999997603465,0.999999875810944,0.999999967941097
2024.66666666667,0.998132411329872,0.993569458430689,0.99217207768547,0.999999999999911,0.998362051258548,0.99722054018647,0.999999999998158,0.999999999987749,0.999999999860818,0.99999998915664,0.999999996734269
2024.75,0.99969176126307,0.998980922001455,0.99863622364902,0.999999999999999,0.999767981233963,0.999532486823681,0.999999999999964,0.999999999999684,0.999999999993405,0.999999999215138,0.999999999714395
2024.83333333333,0.999962582668945,0.999884129671264,0.999826170071623,1,0.99997554885628,0.999939978159048,0.999999999999999,0.999999999999994,0.999999999999745,0.999999999952935,0.999999999978565
2024.91666666667,0.799997447386773,0.999990598905977,0.999983874965478,1,0,0,1,1,0.999999999999992,0.999999999997663,0.99999999999862
2025,0.799999837335585,0.999999457834793,0.999998915521226,1,0,0,1,1,1,0.999999999999904,0.999999999999924
2025.08333333333,0.699999992510771,0.999999977839064,0.999999947268652,1,0,0,1,1,1,0.999999999999997,0
2025.16666666667,0.599999999815019,0,0.999999998150188,1,0,0,1,1,1,1,0
2025.25,0.599999999995326,0,0.99999999995326,1,0,0,1,1,1,1,0
2025.33333333333,0.599999999999915,0,0.99999999999915,1,0,0,1,1,1,1,0
2025.41666666667,0.599999999999999,0,0.999999999999989,1,0,0,1,1,1,1,0
2025.5,0.6,0,1,1,0,0,1,1,1,1,0
2025.58333333333,0.6,0,1,1,0,0,1,1,1,1,0
