Year,Unemployment rate (%),Vacancy rate (%)
1929.25,0.0321633044,0.026943479
1929.33333333333,0.0292043486,0.0261929143
1929.41666666667,0.0285388851,0.0256896277
1929.5,0.026575364,0.0263543091
1929.58333333333,0.0261746408,0.024703208
1929.66666666667,0.0259564838,0.0284121945
1929.75,0.0250734174,0.0258488355
1929.83333333333,0.0229706396,0.0216515042
1929.91666666667,0.0227503356,0.020273905
1930,0.0244266225,0.0170919366
1930.08333333333,0.0375799203,0.0173179189
1930.16666666667,0.0470129858,0.016474762
1930.25,0.0495285568,0.016408065
1930.33333333333,0.0490389272,0.0157129921
1930.41666666667,0.0568534341,0.0150635839
1930.5,0.0782702087,0.0140997076
1930.58333333333,0.1060075762,0.0140800574
1930.66666666667,0.1258549253,0.013310919
1930.75,0.1453581632,0.0128524412
1930.83333333333,0.170998359,0.0130664044
1930.91666666667,0.1818703211,0.0126727736
1931,0.1610260958,0.0128030131
1931.08333333333,0.1584618253,0.0132017465
1931.16666666667,0.151085763,0.0132632389
1931.25,0.1450099385,0.0127587267
1931.33333333333,0.1419094259,0.0119269812
1931.41666666667,0.1432879729,0.0112569489
1931.5,0.1460522285,0.0113996412
1931.58333333333,0.1528834045,0.0109672865
1931.66666666667,0.1568750329,0.0099860828
1931.75,0.1630038464,0.0094713096
1931.83333333333,0.1733224352,0.0104201468
1931.91666666667,0.185082031,0.0104133429
1932,0.1775417601,0.0096114368
1932.08333333333,0.1860514419,0.0098460953
1932.16666666667,0.1993134594,0.0091222193
1932.25,0.2136208314,0.0079454136
1932.33333333333,0.2281637124,0.0078747906
1932.41666666667,0.2429135276,0.0079129464
1932.5,0.2512677483,0.0075739277
1932.58333333333,0.2553773287,0.0076439978
1932.66666666667,0.2520717665,0.0077864748
1932.75,0.2494344629,0.00838914
1932.83333333333,0.2448491449,0.0078878104
1932.91666666667,0.2461948158,0.0077745114
1933,0.2273101809,0.0078217271
1933.08333333333,0.2261536334,0.0075539954
1933.16666666667,0.2346956745,0.006196862
1933.25,0.2323072691,0.0075529739
1933.33333333333,0.2300205812,0.0077460305
1933.41666666667,0.2223478219,0.0085251032
1933.5,0.2094669393,0.0086103501
1933.58333333333,0.1954927839,0.0088953851
1933.66666666667,0.1856623694,0.007959043
1933.75,0.1826765517,0.0082718308
1933.83333333333,0.1821313381,0.0081822694
1933.91666666667,0.1797348566,0.0081239769
1934,0.1601593979,0.0088302398
1934.08333333333,0.1523229257,0.0087677627
1934.16666666667,0.1429171649,0.0084845298
1934.25,0.1413696328,0.0087881256
1934.33333333333,0.1440110523,0.0088763604
1934.41666666667,0.1501577351,0.0080743767
1934.5,0.1594714495,0.0080647972
1934.58333333333,0.1720433905,0.0077454457
1934.66666666667,0.1826214322,0.0077752174
1934.75,0.1829738795,0.0078228236
1934.83333333333,0.1820107671,0.0081456294
1934.91666666667,0.1739411726,0.008522007
1935,0.1523453287,0.0083659349
1935.08333333333,0.148996962,0.0083716918
1935.16666666667,0.1489363684,0.0087333827
1935.25,0.1483287619,0.0087042122
1935.33333333333,0.1491920038,0.0083808528
1935.41666666667,0.1509766646,0.0087034208
1935.5,0.1458859021,0.0090641419
1935.58333333333,0.1444000745,0.0089266134
1935.66666666667,0.147325541,0.009933998
1935.75,0.1371827654,0.0098382134
1935.83333333333,0.1294267924,0.0099846691
1935.91666666667,0.1238028352,0.0103054069
1936,0.1098310546,0.009810245
1936.08333333333,0.1084514247,0.01007655
1936.16666666667,0.1048010229,0.0119086563
1936.25,0.1082459141,0.0114362079
1936.33333333333,0.1009672786,0.0125396526
1936.41666666667,0.1016015939,0.0127592938
1936.5,0.0973336926,0.0126068105
1936.58333333333,0.0921621584,0.012964387
1936.66666666667,0.0917104166,0.0131849953
1936.75,0.0961150296,0.0129700805
1936.83333333333,0.0934283777,0.0136391324
1936.91666666667,0.0917520363,0.0134293006
1937,0.0887344673,0.0134676157
1937.08333333333,0.0893277055,0.0133473917
1937.16666666667,0.0885384285,0.0133516809
1937.25,0.0903143036,0.0138111438
1937.33333333333,0.086136519,0.0139034488
1937.41666666667,0.0884992795,0.013293171
1937.5,0.0844363142,0.0117117151
1937.58333333333,0.0855063133,0.0124135353
1937.66666666667,0.0887486357,0.0124066992
1937.75,0.0921831291,0.0109528264
1937.83333333333,0.1023115523,0.009307217
1937.91666666667,0.1168633519,0.0082329183
1938,0.1213576109,0.0084841533
1938.08333333333,0.1260652934,0.0082347401
1938.16666666667,0.1281335828,0.0080487472
1938.25,0.129455268,0.0077373989
1938.33333333333,0.1331438956,0.007506084
1938.41666666667,0.133637584,0.0074015969
1938.5,0.1299930892,0.0079668553
1938.58333333333,0.1268956782,0.0081250665
1938.66666666667,0.1229901759,0.0080594319
1938.75,0.1207528618,0.0084647973
1938.83333333333,0.1141695707,0.0088212867
1938.91666666667,0.1098053896,0.0085996797
1939,0.1193809961,0.0087139477
1939.08333333333,0.1191429062,0.0084891596
1939.16666666667,0.1182840372,0.0089436429
1939.25,0.1202644272,0.0088353968
1939.33333333333,0.1172794866,0.0086384677
1939.41666666667,0.1132637071,0.0090521992
1939.5,0.112550314,0.0090217208
1939.58333333333,0.1097281764,0.0089435804
1939.66666666667,0.1055118444,0.0090531857
1939.75,0.1069076107,0.0101860677
1939.83333333333,0.1064200993,0.0097901315
1939.91666666667,0.1036663946,0.0098970041
1940,0.105131424,0.0100787427
1940.08333333333,0.1052298343,0.0103474079
1940.16666666667,0.1001306473,0.0095222594
1940.25,0.1045636148,0.0093026727
1940.33333333333,0.101649121,0.0094969733
1940.41666666667,0.087067761,0.0097376349
1940.5,0.0911133526,0.0093901568
1940.58333333333,0.0957386594,0.0094710502
1940.66666666667,0.0847139091,0.0111334931
1940.75,0.0931702516,0.0108183295
1940.83333333333,0.0892851581,0.0111572137
1940.91666666667,0.0834062668,0.0120829939
1941,0.0748972305,0.0129167799
1941.08333333333,0.0719056159,0.0137046481
1941.16666666667,0.072366713,0.0141969972
1941.25,0.0743454927,0.015409116
1941.33333333333,0.0660291927,0.0161711461
1941.41666666667,0.0593910827,0.0171511787
1941.5,0.0554206107,0.0177413082
1941.58333333333,0.0573397304,0.0175470775
1941.66666666667,0.054127656,0.017468
1941.75,0.0469247287,0.0167103797
1941.83333333333,0.0443791692,0.017066404
1941.91666666667,0.0416727776,0.0177202642
1942,0.0423034792,0.0181803535
1942.08333333333,0.0408804445,0.0189197973
1942.16666666667,0.0391597258,0.0207698445
1942.25,0.0361897181,0.022915262
1942.33333333333,0.0318192235,0.0237096897
1942.41666666667,0.0302269239,0.023688723
1942.5,0.0294922218,0.0251744705
1942.58333333333,0.0262947267,0.0295381408
1942.66666666667,0.023699361,0.0341988441
1942.75,0.0243084359,0.0361329789
1942.83333333333,0.0243322113,0.0395496711
1942.91666666667,0.0232935283,0.0384791427
1943,0.020141552,0.0405653276
1943.08333333333,0.0205419268,0.0447506336
1943.16666666667,0.0180060651,0.0464962905
1943.25,0.0176320964,0.0470012562
1943.33333333333,0.016988416,0.0477518287
1943.41666666667,0.0197822724,0.0483680569
1943.5,0.020869676,0.0496516809
1943.58333333333,0.0177142192,0.0512907991
1943.66666666667,0.0169116902,0.0495584297
1943.75,0.0161548793,0.049858823
1943.83333333333,0.0140486705,0.0502044373
1943.91666666667,0.0136085359,0.0546284477
1944,0.0136480294,0.0548236883
1944.08333333333,0.0119560269,0.0581947465
1944.16666666667,0.0128891823,0.0580411734
1944.25,0.0123944862,0.0576628712
1944.33333333333,0.0144326399,0.0633186307
1944.41666666667,0.0146321582,0.0637991714
1944.5,0.0143135954,0.0509473395
1944.58333333333,0.0121617297,0.0529695781
1944.66666666667,0.0120334298,0.0549888524
1944.75,0.0091760661,0.0625437074
1944.83333333333,0.0099500442,0.0659708189
1944.91666666667,0.0100126119,0.0690324215
1945,0.0104682126,0.0685267705
1945.08333333333,0.0109193666,0.0668523824
1945.16666666667,0.0105753632,0.0657043495
1945.25,0.0100369945,0.0665182656
1945.33333333333,0.010286561,0.0648605903
1945.41666666667,0.0143370793,0.0656592917
1945.5,0.0149523287,0.0714761957
1945.58333333333,0.014594577,0.062262289
1945.66666666667,0.0327115856,0.0545972206
1945.75,0.0318892823,0.0519149299
1945.83333333333,0.0336451777,0.0513949419
1945.91666666667,0.0371834715,0.0494280705
1946,0.0373800662,0.048752234
1946.08333333333,0.0373218732,0.0447296316
1946.16666666667,0.0397486892,0.0466779809
1946.25,0.0370177583,0.0470628432
1946.33333333333,0.0407808464,0.0418189066
1946.41666666667,0.0389460107,0.046626077
1946.5,0.0348162774,0.048994828
1946.58333333333,0.037338368,0.0457773441
1946.66666666667,0.0405539933,0.0450474445
1946.75,0.0418059604,0.0433318772
1946.83333333333,0.0424498538,0.0422194043
1946.91666666667,0.0458403031,0.0410141028
1947,0.0420811677,0.040493923
1947.08333333333,0.040351959,0.0408738009
1947.16666666667,0.0414518619,0.0395688715
1947.25,0.0478630296,0.0381119662
1947.33333333333,0.0432296134,0.0376894331
1947.41666666667,0.0458318491,0.0364033508
1947.5,0.0468317799,0.0355290038
1947.58333333333,0.0463059633,0.0369689852
1947.66666666667,0.0454538431,0.0425243872
1947.75,0.0455086033,0.0395952404
1947.83333333333,0.04251556,0.0384660656
1947.91666666667,0.0417747698,0.0378843587
1948,0.0338464098510691,0.0356102246
1948.08333333333,0.038464080364814,0.0350398153
1948.16666666667,0.0399367404694523,0.0332727569
1948.25,0.0393229724607347,0.0331644844
1948.33333333333,0.0353164810244781,0.0339944084
1948.41666666667,0.0363206850730843,0.0331820291
1948.5,0.0361713603896635,0.0327927955
1948.58333333333,0.0386475018912607,0.0321546185
1948.66666666667,0.0378525034942037,0.0340525698
1948.75,0.0372489529400125,0.0307225011
1948.83333333333,0.0376429112714573,0.0292446483
1948.91666666667,0.0397096568523272,0.0267498608
1949,0.0427177436606276,0.0253377106
1949.08333333333,0.0466613164747695,0.0222077294
1949.16666666667,0.0496127585021204,0.0223192171
1949.25,0.0534364908944875,0.0213989485
1949.33333333333,0.0605135571915963,0.0210458439
1949.41666666667,0.0619544529763077,0.0204263553
1949.5,0.067062527528099,0.0191236762
1949.58333333333,0.068079233641825,0.018321571
1949.66666666667,0.0656953255561144,0.0175228463
1949.75,0.0790544343491196,0.0165259875
1949.83333333333,0.0644464156116442,0.0162744035
1949.91666666667,0.0656296439878529,0.0163281529
1950,0.0652924863365823,0.0185080336
1950.08333333333,0.0638059882957511,0.0190018158
1950.16666666667,0.0629179923381599,0.0192774418
1950.25,0.0575147205508543,0.0200758039
1950.33333333333,0.055313048660664,0.020560779
1950.41666666667,0.0539419087136929,0.0220554365
1950.5,0.050224561742406,0.023744233
1950.58333333333,0.0447153172726692,0.0266938707
1950.66666666667,0.0444914914433271,0.0263516521
1950.75,0.0420484398026527,0.0280966372
1950.83333333333,0.0415663230902611,0.0286099298
1950.91666666667,0.0425178836115228,0.0293925826
1951,0.037212831565522,0.0373
1951.08333333333,0.0342678623458189,0.0372
1951.16666666667,0.0339858618814573,0.0409
1951.25,0.0310477608076624,0.0405
1951.33333333333,0.0299142544001032,0.0409
1951.41666666667,0.0323784792664124,0.0388
1951.5,0.0313979325669018,0.0385
1951.58333333333,0.031214171524537,0.0388
1951.66666666667,0.0334574295888637,0.0401
1951.75,0.035271043662787,0.0397
1951.83333333333,0.0351211016867159,0.0392
1951.91666666667,0.0313815905342876,0.0385
1952,0.0315863659661712,0.0409
1952.08333333333,0.031352633012384,0.0414
1952.16666666667,0.0293741190194585,0.0401
1952.25,0.0293421905379132,0.0397
1952.33333333333,0.030020303586967,0.0388
1952.41666666667,0.0303366987102072,0.0364
1952.5,0.0321325973984055,0.0348
1952.58333333333,0.0337282027247604,0.0373
1952.66666666667,0.0309973261603984,0.0416
1952.75,0.0296751706443336,0.042
1952.83333333333,0.0278920164503689,0.0436
1952.91666666667,0.0266204627840501,0.0405
1953,0.0289884771197528,0.0418
1953.08333333333,0.0257556675062972,0.0434
1953.16666666667,0.0258730383147179,0.0444
1953.25,0.0272769009134516,0.0414
1953.33333333333,0.0254891000558971,0.0412
1953.41666666667,0.0254824540538826,0.0383
1953.5,0.0263253881408884,0.0353
1953.58333333333,0.0265059857361182,0.0346
1953.66666666667,0.0290305610024391,0.0338
1953.75,0.0313996214230041,0.0305
1953.83333333333,0.0351236715436306,0.0275
1953.91666666667,0.0448761844095868,0.0233
1954,0.0487630940872569,0.0237
1954.08333333333,0.0520517548520174,0.0224
1954.16666666667,0.0565422538523035,0.0216
1954.25,0.0586385960521788,0.0209
1954.33333333333,0.0591597958382411,0.0205
1954.41666666667,0.0560598645469902,0.0205
1954.5,0.0578022811285583,0.0202
1954.58333333333,0.0604957069081891,0.0198
1954.66666666667,0.0611596505162828,0.0192
1954.75,0.0573385885885886,0.0198
1954.83333333333,0.0533571731049734,0.0214
1954.91666666667,0.0504801617386909,0.0211
1955,0.0493975903614458,0.0238
1955.08333333333,0.0466120321527254,0.0238
1955.16666666667,0.0456779687548918,0.0264
1955.25,0.0472244594510873,0.027
1955.33333333333,0.0426678678492102,0.0288
1955.41666666667,0.0418876585713843,0.0285
1955.5,0.040402179752859,0.0307
1955.58333333333,0.0424513197419984,0.0318
1955.66666666667,0.0408057536417383,0.0314
1955.75,0.0429953966059464,0.0331
1955.83333333333,0.0420976119448188,0.0336
1955.91666666667,0.0415531642712017,0.0316
1956,0.0401391168189825,0.0353
1956.08333333333,0.039410803944105,0.0353
1956.16666666667,0.041768039289762,0.0327
1956.25,0.0399915489556924,0.0329
1956.33333333333,0.0428794100896256,0.0333
1956.41666666667,0.0432071002368745,0.0329
1956.5,0.0442233940556088,0.0314
1956.58333333333,0.0405111514406131,0.0312
1956.66666666667,0.0394969571604161,0.0312
1956.75,0.0386349292218916,0.0324
1956.83333333333,0.0429212235774187,0.032
1956.91666666667,0.0418290854572714,0.0309
1957,0.0420906846510508,0.0329
1957.08333333333,0.0392051316556767,0.0307
1957.16666666667,0.0374964506149777,0.0305
1957.25,0.0390115083949765,0.0283
1957.33333333333,0.0406327310892871,0.0288
1957.41666666667,0.0425938077909682,0.0283
1957.5,0.0415231079957229,0.0283
1957.58333333333,0.0411807033850028,0.0261
1957.66666666667,0.0438834546105213,0.0251
1957.75,0.0450302686905436,0.022
1957.83333333333,0.0514577715537148,0.0207
1957.91666666667,0.051574230689338,0.0198
1958,0.0577539309933676,0.0198
1958.08333333333,0.0640317852412911,0.0181
1958.16666666667,0.0668223673445101,0.0172
1958.25,0.0741496296953302,0.0163
1958.33333333333,0.0739524265409824,0.0166
1958.41666666667,0.0730561219966309,0.0177
1958.5,0.0748849964614296,0.0185
1958.58333333333,0.0738568719961198,0.0185
1958.66666666667,0.0708949736772448,0.0177
1958.75,0.0671614372841502,0.0187
1958.83333333333,0.0618995536374117,0.02
1958.91666666667,0.0618689105403012,0.0196
1959,0.0598798869524258,0.0214
1959.08333333333,0.0586113615870153,0.0226
1959.16666666667,0.0558412176059235,0.024
1959.25,0.0522542033099694,0.025
1959.33333333333,0.0510281909120244,0.0261
1959.41666666667,0.0502211546911157,0.027
1959.5,0.0514743430747458,0.027
1959.58333333333,0.0524316109422492,0.0257
1959.66666666667,0.0550733095047049,0.0251
1959.75,0.0568140538498423,0.0242
1959.83333333333,0.0584098171683714,0.0253
1959.91666666667,0.0529466330405543,0.024
1960,0.0524201734288449,0.0307
1960.08333333333,0.0482820635542212,0.0307
1960.16666666667,0.0544744806210617,0.0296
1960.25,0.0520271921125627,0.0285
1960.33333333333,0.0512595869359147,0.0281
1960.41666666667,0.0538507735865244,0.0274
1960.5,0.0550003584486343,0.0264
1960.58333333333,0.0564997637490872,0.0261
1960.66666666667,0.0553662813074653,0.025
1960.75,0.0608436838188999,0.024
1960.83333333333,0.0614716279333892,0.0235
1960.91666666667,0.065587044534413,0.0224
1961,0.0663051655854756,0.0224
1961.08333333333,0.0686168702073275,0.022
1961.16666666667,0.0686392373732373,0.0224
1961.25,0.0696343945237451,0.0226
1961.33333333333,0.071012888207574,0.0235
1961.41666666667,0.0689212449561218,0.0237
1961.5,0.0698650334580923,0.0244
1961.58333333333,0.0663793347888961,0.0253
1961.66666666667,0.0665935599641113,0.0259
1961.75,0.0648726096578335,0.0272
1961.83333333333,0.0610293281800614,0.0281
1961.91666666667,0.0596058621230932,0.0279
1962,0.0581430138625711,0.0292
1962.08333333333,0.0549787669190018,0.0287
1962.16666666667,0.0556849490158207,0.0287
1962.25,0.0555792708955861,0.0287
1962.33333333333,0.0547547164462587,0.0296
1962.41666666667,0.0545139972204101,0.0287
1962.5,0.054322778868311,0.0287
1962.58333333333,0.0565362561812316,0.0279
1962.66666666667,0.0556687701151041,0.0274
1962.75,0.0536260699127149,0.027
1962.83333333333,0.0567792185802373,0.027
1962.91666666667,0.0551415586981681,0.027
1963,0.0572625305709386,0.0274
1963.08333333333,0.0594706856389099,0.0274
1963.16666666667,0.0570124469708637,0.0277
1963.25,0.0565574570763072,0.0272
1963.33333333333,0.0587064261053569,0.0266
1963.41666666667,0.0555245301985313,0.0268
1963.5,0.0562982934015232,0.0275
1963.58333333333,0.0540216755356198,0.0272
1963.66666666667,0.0548585213015208,0.027
1963.75,0.0551597238555084,0.0279
1963.83333333333,0.0573200033140932,0.0274
1963.91666666667,0.0550645536654292,0.0288
1964,0.0556830117751119,0.0288
1964.08333333333,0.0540979321161757,0.0283
1964.16666666667,0.0543231609203306,0.0287
1964.25,0.0534705352512487,0.0298
1964.33333333333,0.0512841474214865,0.0298
1964.41666666667,0.0522236827691971,0.0309
1964.5,0.0494199186379388,0.0318
1964.58333333333,0.0499876911294073,0.0312
1964.66666666667,0.0506481102469641,0.0316
1964.75,0.0508266492060894,0.0316
1964.83333333333,0.0484540021286467,0.0331
1964.91666666667,0.0496971346899884,0.0329
1965,0.0485530590330166,0.0333
1965.08333333333,0.0505029990386829,0.0346
1965.16666666667,0.0474651448971589,0.0349
1965.25,0.0484318585978337,0.0353
1965.33333333333,0.0460881476109902,0.0366
1965.41666666667,0.0455168521206257,0.037
1965.5,0.0441540375329383,0.037
1965.58333333333,0.043609949608663,0.0383
1965.66666666667,0.0431666263992913,0.0397
1965.75,0.0419973810096475,0.0409
1965.83333333333,0.0410845354760218,0.0436
1965.91666666667,0.0403632828625837,0.0444
1966,0.0397414412257601,0.0447
1966.08333333333,0.0376230754862983,0.0458
1966.16666666667,0.0384548784548785,0.0484
1966.25,0.037537497677135,0.0464
1966.33333333333,0.0391002955717258,0.0468
1966.41666666667,0.0379658149034331,0.0471
1966.5,0.0379740149994719,0.0471
1966.58333333333,0.0381348131394156,0.0464
1966.66666666667,0.036788682023772,0.0455
1966.75,0.0367196419900524,0.0455
1966.83333333333,0.0361571596397337,0.0453
1966.91666666667,0.0379953288709698,0.0447
1967,0.0387270188807265,0.0451
1967.08333333333,0.0380941179545484,0.0447
1967.16666666667,0.0378498060999895,0.0436
1967.25,0.0377066048425961,0.0438
1967.33333333333,0.0381514334466544,0.0434
1967.41666666667,0.0387213666364695,0.0431
1967.5,0.0380047505938242,0.0422
1967.58333333333,0.037896335186329,0.0433
1967.66666666667,0.0380147021025035,0.0427
1967.75,0.0401948998644397,0.0434
1967.83333333333,0.0392116739778235,0.0431
1967.91666666667,0.0384502681836134,0.0433
1968,0.0370981463817062,0.0447
1968.08333333333,0.0383612424900933,0.0438
1968.16666666667,0.0367639542015948,0.0447
1968.25,0.034610962054427,0.0455
1968.33333333333,0.0347508465762806,0.0453
1968.41666666667,0.0371334681496461,0.0451
1968.5,0.0365075345067747,0.0464
1968.58333333333,0.0351220007359379,0.0473
1968.66666666667,0.0340612239722032,0.0483
1968.75,0.0340755008680446,0.0507
1968.83333333333,0.0342764079839412,0.0505
1968.91666666667,0.0337893107483986,0.0495
1969,0.0341787910415855,0.0516
1969.08333333333,0.0336420100226196,0.0512
1969.16666666667,0.0338665567751845,0.0516
1969.25,0.0343543304144194,0.052
1969.33333333333,0.0338595943837754,0.0521
1969.41666666667,0.0348964013086151,0.0499
1969.5,0.0354831924975565,0.0495
1969.58333333333,0.0352131778166843,0.0484
1969.66666666667,0.0373969737975151,0.0512
1969.75,0.0374137973347731,0.0503
1969.83333333333,0.0350872882292959,0.0492
1969.91666666667,0.0353327452709987,0.0473
1970,0.0390456325246094,0.0451
1970.08333333333,0.042032355053499,0.0446
1970.16666666667,0.0440616742224054,0.042
1970.25,0.0458979535097368,0.0407
1970.33333333333,0.0475128208236849,0.0383
1970.41666666667,0.0493550264293681,0.0375
1970.5,0.0503612742910218,0.0361
1970.58333333333,0.0513513513513514,0.0357
1970.66666666667,0.0537165175880609,0.0353
1970.75,0.0551299293914213,0.0327
1970.83333333333,0.0586249820462489,0.0325
1970.91666666667,0.0606669057009681,0.0325
1971,0.0594633273703041,0.0312
1971.08333333333,0.0586462208293961,0.0322
1971.16666666667,0.0596709542327251,0.0322
1971.25,0.0590736902294332,0.032
1971.33333333333,0.0593807571165389,0.0324
1971.41666666667,0.059123599264091,0.0338
1971.5,0.0596988380365189,0.0331
1971.58333333333,0.0606332597167928,0.0333
1971.66666666667,0.0595059659392666,0.0329
1971.75,0.0583702516731077,0.0333
1971.83333333333,0.06039223946266,0.0338
1971.91666666667,0.060192700729927,0.0342
1972,0.0583753983577194,0.0357
1972.08333333333,0.0572783485982612,0.0364
1972.16666666667,0.0581681310688019,0.037
1972.25,0.0572540235989563,0.0373
1972.33333333333,0.0566991901761338,0.0379
1972.41666666667,0.0565823046686435,0.0383
1972.5,0.0563785961006621,0.039
1972.58333333333,0.056434749820035,0.0403
1972.66666666667,0.0554856279751007,0.0409
1972.75,0.0557200169160256,0.0427
1972.83333333333,0.0525390446616129,0.0434
1972.91666666667,0.0516584605937937,0.047
1973,0.0494473464629031,0.0484
1973.08333333333,0.0503825087139559,0.0479
1973.16666666667,0.0494563626950003,0.0481
1973.25,0.0500909928329102,0.0471
1973.33333333333,0.0486530226912573,0.0477
1973.41666666667,0.0487224728637155,0.0477
1973.5,0.0480447301459756,0.0484
1973.58333333333,0.0480957222178775,0.0473
1973.66666666667,0.0484204902157216,0.0468
1973.75,0.0459775216074381,0.0473
1973.83333333333,0.0484589267604392,0.0468
1973.91666666667,0.0493893717680713,0.0447
1974,0.0509216109825766,0.0446
1974.08333333333,0.0517133956386293,0.0434
1974.16666666667,0.0506708363859031,0.0436
1974.25,0.0505877069024067,0.0451
1974.33333333333,0.0513668719158042,0.0444
1974.41666666667,0.0536312970784169,0.0431
1974.5,0.0549060859757949,0.0414
1974.58333333333,0.0545519721048458,0.0405
1974.66666666667,0.0587860046708762,0.0386
1974.75,0.0596964914935472,0.0359
1974.83333333333,0.0661880430330078,0.0331
1974.91666666667,0.0715240353524467,0.0303
1975,0.0805450562666438,0.0285
1975.08333333333,0.0810554453738036,0.0279
1975.16666666667,0.0856330166908174,0.027
1975.25,0.0879024400689515,0.027
1975.33333333333,0.0898236121170806,0.0268
1975.41666666667,0.0878439754207855,0.0288
1975.5,0.0864381361610704,0.0292
1975.58333333333,0.0841953229540579,0.0288
1975.66666666667,0.0841064945542557,0.0296
1975.75,0.0837726882153882,0.0296
1975.83333333333,0.0826949602122016,0.0307
1975.91666666667,0.0820260780222225,0.0307
1976,0.0793603977500158,0.0312
1976.08333333333,0.0771174129981684,0.0329
1976.16666666667,0.0759334138528593,0.0331
1976.25,0.0765567229962609,0.0327
1976.33333333333,0.0735860277316974,0.0335
1976.41666666667,0.0763623090160088,0.0336
1976.5,0.0775498793783585,0.0331
1976.58333333333,0.0777126554408162,0.0331
1976.66666666667,0.0764347042556938,0.0329
1976.75,0.0768323957643944,0.0333
1976.83333333333,0.0783515330988957,0.0338
1976.91666666667,0.0775054443850927,0.0353
1977,0.0748909554769155,0.0364
1977.08333333333,0.0761159687068569,0.0362
1977.16666666667,0.0744738317280742,0.0372
1977.25,0.0717888741991254,0.0381
1977.33333333333,0.0700451021132114,0.039
1977.41666666667,0.0719929762949956,0.0392
1977.5,0.0690404699078989,0.0403
1977.58333333333,0.0696918463055774,0.041
1977.66666666667,0.0678813107699114,0.0409
1977.75,0.0677553473926765,0.0427
1977.83333333333,0.0677597041043589,0.0438
1977.91666666667,0.0635479794210427,0.0451
1978,0.0643284129549037,0.0453
1978.08333333333,0.062655572855202,0.0457
1978.16666666667,0.0626854746171804,0.047
1978.25,0.0608423415440959,0.0495
1978.33333333333,0.060129936405747,0.049
1978.41666666667,0.0588838635941819,0.0488
1978.5,0.061611929804002,0.0488
1978.58333333333,0.0593107081191287,0.0495
1978.66666666667,0.0595846101464079,0.0501
1978.75,0.0576930539386884,0.0516
1978.83333333333,0.0586798246461057,0.051
1978.91666666667,0.0599947981388897,0.0512
1979,0.0587082080013839,0.0507
1979.08333333333,0.0590706397963675,0.0494
1979.16666666667,0.0584095841818929,0.0497
1979.25,0.0582594171178436,0.0516
1979.33333333333,0.0560616678346181,0.0512
1979.41666666667,0.0569487184388081,0.0503
1979.5,0.0571036742157292,0.0497
1979.58333333333,0.0601354951663241,0.0503
1979.66666666667,0.0586563062636217,0.0514
1979.75,0.0595648060548723,0.0521
1979.83333333333,0.0589536158469739,0.0488
1979.91666666667,0.059524929887632,0.0483
1980,0.0627146637638182,0.047
1980.08333333333,0.0628133874429459,0.0458
1980.16666666667,0.063217526916067,0.0453
1980.25,0.0690302183111144,0.0399
1980.33333333333,0.0746663674026691,0.0366
1980.41666666667,0.0758381719423113,0.0372
1980.5,0.0780429082018309,0.0372
1980.58333333333,0.0773166518836656,0.0373
1980.66666666667,0.0748940222973351,0.039
1980.75,0.0753037568083423,0.039
1980.83333333333,0.074585378551242,0.0407
1980.91666666667,0.0718943289365825,0.0392
1981,0.0747134948993761,0.0381
1981.08333333333,0.0743796308272205,0.0386
1981.16666666667,0.0735309019557267,0.0385
1981.25,0.0722423686022493,0.0383
1981.33333333333,0.0748384025196389,0.0377
1981.41666666667,0.0747075537842725,0.0383
1981.5,0.072432661483474,0.0379
1981.58333333333,0.0739112439641297,0.0375
1981.66666666667,0.075996823462057,0.0357
1981.75,0.0793036395656002,0.0335
1981.83333333333,0.0826559009850232,0.0333
1981.91666666667,0.0850870427501102,0.0318
1982,0.0861406741284639,0.0316
1982.08333333333,0.0886568554906958,0.0303
1982.16666666667,0.0903100386065147,0.0294
1982.25,0.0932799125842287,0.0281
1982.33333333333,0.0935709047450906,0.0277
1982.41666666667,0.0957295082711821,0.0263
1982.5,0.0983215819905385,0.025
1982.58333333333,0.0984581139041208,0.0242
1982.66666666667,0.101308694827539,0.0229
1982.75,0.104104962797082,0.0229
1982.83333333333,0.107501125619091,0.0229
1982.91666666667,0.108486447071109,0.0238
1983,0.104196214824518,0.0242
1983.08333333333,0.104353092177812,0.0242
1983.16666666667,0.103158599112011,0.025
1983.25,0.101671057855416,0.0255
1983.33333333333,0.10067150438644,0.0277
1983.41666666667,0.100519311041393,0.0275
1983.5,0.0943841941372275,0.0292
1983.58333333333,0.0946529924887063,0.0296
1983.66666666667,0.0915599565441949,0.0301
1983.75,0.0883351500098279,0.0331
1983.83333333333,0.0846401967423459,0.0331
1983.91666666667,0.0830699653689674,0.0344
1984,0.0802787655179175,0.0353
1984.08333333333,0.0780624250765884,0.0368
1984.16666666667,0.0775953084382458,0.0368
1984.25,0.0774726343525084,0.0383
1984.33333333333,0.0744045262166847,0.0386
1984.41666666667,0.0722739133872796,0.0394
1984.5,0.0749043624749939,0.0399
1984.58333333333,0.0749371052585282,0.0386
1984.66666666667,0.0734869178003987,0.0396
1984.75,0.0735052929774862,0.0397
1984.83333333333,0.0718052027678024,0.0392
1984.91666666667,0.0729440308602648,0.0407
1985,0.0734190455436914,0.0396
1985.08333333333,0.0724346251610432,0.0397
1985.16666666667,0.0723068118756937,0.0407
1985.25,0.0727904899810112,0.0396
1985.33333333333,0.0720447090268497,0.0405
1985.41666666667,0.073587613621537,0.0405
1985.5,0.073820672910163,0.0401
1985.58333333333,0.0710896774249508,0.0403
1985.66666666667,0.071161727276649,0.0409
1985.75,0.0714451762882604,0.0401
1985.83333333333,0.0699875145305033,0.0409
1985.91666666667,0.0699417295494783,0.0397
1986,0.0668055055621261,0.0396
1986.08333333333,0.0718844646737735,0.0394
1986.16666666667,0.0715150998123187,0.039
1986.25,0.0712946230693171,0.0392
1986.33333333333,0.0718041658158056,0.0385
1986.41666666667,0.0720504047965855,0.0407
1986.5,0.0704230121308062,0.039
1986.58333333333,0.0688531527719001,0.0394
1986.66666666667,0.0701887748638034,0.0397
1986.75,0.0695517904755476,0.0396
1986.83333333333,0.0687745502975538,0.0412
1986.91666666667,0.0664609521882456,0.039
1987,0.0664058227102528,0.0385
1987.08333333333,0.0660247477376135,0.0407
1987.16666666667,0.0659176658002851,0.0423
1987.25,0.0631997050345244,0.042
1987.33333333333,0.0631124591693887,0.0429
1987.41666666667,0.0618334392029688,0.0429
1987.5,0.0606161698720622,0.0429
1987.58333333333,0.0603484100467096,0.0447
1987.66666666667,0.0591779086917033,0.0446
1987.75,0.0599706246006522,0.0449
1987.83333333333,0.0583623693379791,0.0455
1987.91666666667,0.057450985264518,0.0434
1988,0.0574775355669634,0.0423
1988.08333333333,0.0571907293076694,0.0429
1988.16666666667,0.0568673343643777,0.044
1988.25,0.0544407881172114,0.0436
1988.33333333333,0.055991938614532,0.0446
1988.41666666667,0.0538885184361957,0.0433
1988.5,0.0542884149097933,0.044
1988.58333333333,0.0560327533265097,0.044
1988.66666666667,0.0541489012791079,0.0422
1988.75,0.0537453152873018,0.0444
1988.83333333333,0.0533036522419824,0.0429
1988.91666666667,0.0531552250004078,0.0438
1989,0.0541534970418997,0.0423
1989.08333333333,0.0516425061923905,0.0423
1989.16666666667,0.0503542243177226,0.0412
1989.25,0.0523449196779023,0.0433
1989.33333333333,0.0516303027357986,0.0414
1989.41666666667,0.0530424613895722,0.0396
1989.5,0.0523929755499447,0.0403
1989.58333333333,0.0524378654382037,0.0399
1989.66666666667,0.0531691731749823,0.0397
1989.75,0.0533769150880357,0.0407
1989.83333333333,0.0539566902284233,0.039
1989.91666666667,0.0535514912005912,0.0403
1990,0.0536584202872061,0.0394
1990.08333333333,0.0529074854824596,0.0377
1990.16666666667,0.052447913768571,0.0375
1990.25,0.0540951380432793,0.037
1990.33333333333,0.053553414407473,0.0361
1990.41666666667,0.0524794342732912,0.0357
1990.5,0.0550536060827792,0.0357
1990.58333333333,0.0570521469957933,0.0342
1990.66666666667,0.0585263559241254,0.0329
1990.75,0.0592007619349974,0.0312
1990.83333333333,0.0615848338224796,0.029
1990.91666666667,0.0626357596993864,0.029
1991,0.0636338374816403,0.027
1991.08333333333,0.0655848278051103,0.0261
1991.16666666667,0.0680143855257529,0.0255
1991.25,0.0666861586117521,0.0253
1991.33333333333,0.0692366218615268,0.0253
1991.41666666667,0.0688033815927999,0.0257
1991.5,0.0680596730979596,0.0248
1991.58333333333,0.0686959968291716,0.0244
1991.66666666667,0.0688669561784445,0.0246
1991.75,0.0698188594621058,0.0235
1991.83333333333,0.0704887885652047,0.0238
1991.91666666667,0.0726173182593318,0.024
1992,0.07294457846473,0.0227
1992.08333333333,0.0743198094444488,0.0237
1992.16666666667,0.0741356070342623,0.0248
1992.25,0.0736461698516126,0.0238
1992.33333333333,0.0760542932742216,0.0246
1992.41666666667,0.0781572330471201,0.0242
1992.5,0.0766161337243219,0.024
1992.58333333333,0.0760965065739855,0.0246
1992.66666666667,0.0761161391740142,0.0238
1992.75,0.0734069642103948,0.0244
1992.83333333333,0.0744699901121916,0.0251
1992.91666666667,0.0743422997339639,0.0251
1993,0.0726246105919003,0.0246
1993.08333333333,0.0714864002241978,0.0255
1993.16666666667,0.0704210018818333,0.0253
1993.25,0.070848628134138,0.0253
1993.33333333333,0.0707776333704666,0.0263
1993.41666666667,0.0704808710233288,0.0255
1993.5,0.0690124191441842,0.0264
1993.58333333333,0.0676058293922959,0.027
1993.66666666667,0.0674103413064331,0.0264
1993.75,0.0675295007447539,0.0277
1993.83333333333,0.065854091017724,0.0279
1993.91666666667,0.0652373000053871,0.0287
1994,0.0660816564060155,0.0295
1994.08333333333,0.0656850515424469,0.0308
1994.16666666667,0.0649539877300613,0.0312
1994.25,0.0637799435006622,0.0312
1994.33333333333,0.0605219492426154,0.0324
1994.41666666667,0.06071491486738,0.0316
1994.5,0.0608180510057251,0.0333
1994.58333333333,0.0604303942106265,0.0318
1994.66666666667,0.0588490423904855,0.0322
1994.75,0.0579305319407335,0.0342
1994.83333333333,0.0559173863265879,0.0337
1994.91666666667,0.0547930671234019,0.035
1995,0.0558551326133386,0.0337
1995.08333333333,0.0543995761268592,0.0338
1995.16666666667,0.0541450934084234,0.033
1995.25,0.0576589486386605,0.0334
1995.33333333333,0.0563514876641057,0.0311
1995.41666666667,0.0562868987260229,0.0316
1995.5,0.0568749386064998,0.0332
1995.58333333333,0.056553016563898,0.0329
1995.66666666667,0.0563904955094223,0.0329
1995.75,0.0552156484523343,0.0334
1995.83333333333,0.05599710437812,0.0322
1995.91666666667,0.0560179909592411,0.0353
1996,0.056486396814864,0.0332
1996.08333333333,0.0550048137673747,0.0324
1996.16666666667,0.0549481904189818,0.0333
1996.25,0.0555809578064448,0.0325
1996.33333333333,0.0555335273478121,0.0312
1996.41666666667,0.0530677576908981,0.0343
1996.5,0.0546379315480623,0.0321
1996.58333333333,0.0513375207006132,0.0322
1996.66666666667,0.0518826896628629,0.0339
1996.75,0.0521119766381809,0.0322
1996.83333333333,0.053597220884843,0.0349
1996.91666666667,0.0536809929466447,0.0345
1997,0.0528437278525868,0.0341
1997.08333333333,0.0524519940915805,0.0355
1997.16666666667,0.0515118734868387,0.0351
1997.25,0.0505308199035408,0.0347
1997.33333333333,0.048891043866029,0.0327
1997.41666666667,0.0499152050862265,0.0358
1997.5,0.0487627951962602,0.0345
1997.58333333333,0.0483684433969169,0.0351
1997.66666666667,0.04869946954454,0.0369
1997.75,0.0472360264357805,0.0362
1997.83333333333,0.0460569067106695,0.0385
1997.91666666667,0.0472166526922095,0.0359
1998,0.0464495422881943,0.0374
1998.08333333333,0.0459915981095747,0.0384
1998.16666666667,0.0467953015243814,0.0381
1998.25,0.0433175355450237,0.0383
1998.33333333333,0.044019159654078,0.0384
1998.41666666667,0.0451929722454621,0.0377
1998.5,0.0454908858330668,0.0378
1998.58333333333,0.0449153158392091,0.0384
1998.66666666667,0.0455577571120721,0.0366
1998.75,0.0454154282284367,0.0363
1998.83333333333,0.0440811961179642,0.0383
1998.91666666667,0.0435102500108199,0.0375
1999,0.0429918778731394,0.0399
1999.08333333333,0.0439744687587701,0.0405
1999.16666666667,0.041685287969437,0.039
1999.25,0.0432069891118963,0.0386
1999.33333333333,0.0416657680778106,0.0393
1999.41666666667,0.0427118546749062,0.0375
1999.5,0.0432088583538321,0.0382
1999.58333333333,0.0418704726386,0.0384
1999.66666666667,0.0423643838363582,0.0371
1999.75,0.0413390474418871,0.0387
1999.83333333333,0.0408212819139439,0.0384
1999.91666666667,0.0403275858379049,0.0391
2000,0.0401217429200025,0.0406
2000.08333333333,0.0411214690851912,0.0413
2000.16666666667,0.0402502211550613,0.0406
2000.25,0.0383955278772128,0.0408
2000.33333333333,0.0404388010225581,0.0382
2000.41666666667,0.039630832240464,0.0374
2000.5,0.0403927522174897,0.0383
2000.58333333333,0.0410696492976129,0.036
2000.66666666667,0.0394686986906917,0.0372
2000.75,0.0388018678745215,0.037
2000.83333333333,0.0394440480687176,0.0356
2000.91666666667,0.0393303920473584,0.0355
2001,0.041884561891516,0.0353824756606398
2001.08333333333,0.042372704434903,0.0364228502237284
2001.16666666667,0.0426683527417248,0.0354145243322865
2001.25,0.04367934581978,0.03316872026691
2001.33333333333,0.0434418565707029,0.0322011191894947
2001.41666666667,0.045229741135766,0.0308669963796675
2001.5,0.0458253859969092,0.0303576649449371
2001.58333333333,0.0491471483208174,0.031036263644231
2001.66666666667,0.0496010111883547,0.0279465792525818
2001.75,0.0533986646863679,0.0282539594408895
2001.83333333333,0.0554839156960621,0.0257002218524681
2001.91666666667,0.0572260143446173,0.0261598697203839
2002,0.0568656477832684,0.0255554860546416
2002.08333333333,0.0567910793415968,0.0255715401685413
2002.16666666667,0.0574746852527322,0.0237816737148829
2002.25,0.0594161340473311,0.0249576783555018
2002.33333333333,0.0579489160882584,0.023948170942058
2002.41666666667,0.0579595049997238,0.023872990442517
2002.5,0.0579407885195749,0.0235630477269117
2002.58333333333,0.0572654111124137,0.0232192484604404
2002.66666666667,0.0566876442783335,0.024163185665604
2002.75,0.0571658615136876,0.0227163246486918
2002.83333333333,0.0587420108796823,0.0239863211092036
2002.91666666667,0.0595590972384983,0.0242234569092689
2003,0.0583813563386941,0.0217148495583711
2003.08333333333,0.0589869952087611,0.0235523613963039
2003.16666666667,0.0588130555669694,0.0221131062442646
2003.25,0.060365662165299,0.0211573385037618
2003.33333333333,0.0611399317406143,0.0212150170648464
2003.41666666667,0.063010009792188,0.0223656294200849
2003.5,0.061514830870055,0.0231423012595146
2003.58333333333,0.0607463552869678,0.0203557649629554
2003.66666666667,0.0608817307036102,0.02177028594827
2003.75,0.0595163445023038,0.0210679135199978
2003.83333333333,0.0583401360544218,0.0224829931972789
2003.91666666667,0.0566827280224087,0.0226540084100621
2004,0.0570000408602443,0.0232494790318846
2004.08333333333,0.0556680230933344,0.0233387181427179
2004.16666666667,0.0577839176829268,0.0240363675958188
2004.25,0.0556350017024174,0.0240040858018386
2004.33333333333,0.0558392547513004,0.0238737973005134
2004.41666666667,0.0561915095619151,0.0251593652515937
2004.5,0.0550876147658641,0.022594317904829
2004.58333333333,0.0541459976688081,0.0258464124041094
2004.66666666667,0.0537733609198521,0.0240206220533867
2004.75,0.0545425020129505,0.0258537278490862
2004.83333333333,0.053535994384525,0.0266127617067804
2004.91666666667,0.0535867458242998,0.023450111104357
2005,0.0525842909159692,0.0275216342743652
2005.08333333333,0.0537866328758998,0.0256396430400906
2005.16666666667,0.0521392806841385,0.0267199493230722
2005.25,0.051515517773928,0.0271544256879255
2005.33333333333,0.0512592036767809,0.0278639430259746
2005.41666666667,0.0504161138584007,0.0254425816481057
2005.5,0.0495610043364206,0.0271829327051769
2005.58333333333,0.0490389173382116,0.028415198392298
2005.66666666667,0.0503687797591261,0.0276218040198994
2005.75,0.0496863354244305,0.0290131399124006
2005.83333333333,0.0504181521340752,0.0278812514577017
2005.91666666667,0.0485169632740119,0.0283143371325735
2006,0.0470262425606135,0.028505998109364
2006.08333333333,0.0476895400322621,0.0291886007129533
2006.16666666667,0.0468925092664425,0.0286778991201024
2006.25,0.0471895069624406,0.0313624644587456
2006.33333333333,0.0462040524528527,0.0317073655084763
2006.41666666667,0.046255797666398,0.029487162546084
2006.5,0.0473982176948942,0.0304801918389187
2006.58333333333,0.0467386432545018,0.0289620079622452
2006.66666666667,0.0451464440664108,0.031055900621118
2006.75,0.044244644536671,0.0311560697443453
2006.83333333333,0.0450900883167329,0.0301234859519966
2006.91666666667,0.0442736296257497,0.0304127491291936
2007,0.0464660711487228,0.0301676853157812
2007.08333333333,0.0452795408640176,0.0311341783073936
2007.16666666667,0.043978804450804,0.0307021842392405
2007.25,0.0449371863417194,0.0325515793616952
2007.33333333333,0.044317809654811,0.0307133032029868
2007.41666666667,0.0456021588985958,0.0304297541181775
2007.5,0.0467090046650202,0.0317469651234205
2007.58333333333,0.0462654419996203,0.0301016700600331
2007.66666666667,0.0467362822167468,0.0296322369536027
2007.75,0.0472441458908626,0.0303689051657168
2007.83333333333,0.0470634120973771,0.0301361848734033
2007.91666666667,0.0496693044348289,0.0301849036499955
2008,0.0498821910517126,0.0295009184554371
2008.08333333333,0.0487917580522346,0.0300937827442354
2008.16666666667,0.0508225693271305,0.0278023234659667
2008.25,0.0496654072017117,0.0274762793540961
2008.33333333333,0.0544059415565478,0.0261498480262859
2008.41666666667,0.0555688762450344,0.0271785267605451
2008.5,0.0578562688953771,0.0247946189850391
2008.58333333333,0.061031679826178,0.0242432472630156
2008.66666666667,0.0614220094455586,0.0237691660736236
2008.75,0.0650455848549808,0.0208037397660064
2008.83333333333,0.068145810565252,0.0218379580830192
2008.91666666667,0.0729753321910058,0.0208916620865798
2009,0.0781920757408728,0.0204007522209973
2009.08333333333,0.0834616728571613,0.0177173251886267
2009.16666666667,0.0871065897633862,0.0185813550634841
2009.25,0.0896582076125015,0.0164003391388204
2009.33333333333,0.0936948696905271,0.0148306590757818
2009.41666666667,0.0950580418314848,0.016475348380258
2009.5,0.0945036310209577,0.0162004375347892
2009.58333333333,0.0960034217501474,0.0144646710777865
2009.66666666667,0.0975706475456194,0.0151988922620866
2009.75,0.0998283306455808,0.0161720335015346
2009.83333333333,0.0989030270733958,0.0156357633969768
2009.91666666667,0.0986081992802607,0.0163476170882562
2010,0.098029762059889,0.0167313856818952
2010.08333333333,0.0983317501008497,0.0184587557093966
2010.16666666667,0.0987437806097925,0.0173168608805228
2010.25,0.099112674781079,0.0173261243548783
2010.33333333333,0.096365134887826,0.0204619348307169
2010.41666666667,0.0942219560462452,0.0194510988438704
2010.5,0.0944232258232427,0.0182248797912695
2010.58333333333,0.0950637955427489,0.0200018171670366
2010.66666666667,0.094684201980841,0.0194771878551713
2010.75,0.0944836788492206,0.0189930679858105
2010.83333333333,0.0978491484184915,0.0209894566098946
2010.91666666667,0.093381060852587,0.0208981451350472
2011,0.0914310694688216,0.0199526304457044
2011.08333333333,0.0902006344067774,0.0202592452386858
2011.16666666667,0.0895642082203213,0.0210332776966409
2011.25,0.0908996176966713,0.021238350169008
2011.33333333333,0.0902729363626294,0.0212341753594954
2011.41666666667,0.0910490002999752,0.0207308961433621
2011.5,0.0897852408538176,0.0225392724805595
2011.58333333333,0.0898673257023933,0.0235626951092612
2011.66666666667,0.0904944495267013,0.021598510358072
2011.75,0.0882950877170192,0.0245127012685031
2011.83333333333,0.0863048894425413,0.0234804837537631
2011.91666666667,0.0850222409818501,0.0231501022760479
2012,0.082892324832719,0.0244071485480726
2012.08333333333,0.0828403514556704,0.0252729988168435
2012.16666666667,0.0821523887068737,0.0233668715145171
2012.25,0.0818272994920573,0.0257465463133715
2012.33333333333,0.0817480918988028,0.0244921415933775
2012.41666666667,0.0818400469426049,0.024728693667262
2012.5,0.0816790148953197,0.0252407259209541
2012.58333333333,0.0805812758863553,0.0241336753616821
2012.66666666667,0.0780806908997164,0.0245488527971127
2012.75,0.0779407794077941,0.0249559638453527
2012.83333333333,0.0772830859158738,0.0243018450089482
2012.91666666667,0.0790217698614645,0.0249183951474028
2013,0.0800639432984727,0.0254874392506564
2013.08333333333,0.0769418975996703,0.0252588338312558
2013.16666666667,0.0754104706299797,0.0258314247927486
2013.25,0.0756785976292521,0.0262300989742204
2013.33333333333,0.0749279909474334,0.0256403662174673
2013.41666666667,0.0754483174851845,0.026613332990902
2013.5,0.0728475118734696,0.026671122565055
2013.58333333333,0.0724848173259214,0.0249670640403586
2013.66666666667,0.0723888314374354,0.0262385427171183
2013.75,0.0719970518448598,0.0266885623218015
2013.83333333333,0.0694747689434193,0.027192219753325
2013.91666666667,0.067043858179428,0.0265430268974494
2014,0.0656702198877388,0.0265268551418714
2014.08333333333,0.0665603313545532,0.0265430947434768
2014.16666666667,0.0665265208808675,0.0280270207911401
2014.25,0.062444889263624,0.0282424421860217
2014.33333333333,0.0633269957092572,0.0293286400657743
2014.41666666667,0.0607551362494942,0.0304867475450686
2014.5,0.0615869800714071,0.031934464479158
2014.58333333333,0.0614808172676616,0.0310382373662973
2014.66666666667,0.0593565752371187,0.0342796718790054
2014.75,0.0574745711783246,0.0314160225550931
2014.83333333333,0.058085294004882,0.0320267869694685
2014.91666666667,0.0557595373947752,0.0309789422511066
2015,0.0565815449277208,0.0326689167674967
2015.08333333333,0.054895176323383,0.0341155741681775
2015.16666666667,0.0543592755501363,0.0348946330190305
2015.25,0.0544377944734496,0.0331720361645231
2015.33333333333,0.056035166285022,0.035508813772193
2015.41666666667,0.0525079268059747,0.0354191338452331
2015.5,0.0520201022949483,0.0334273903322993
2015.58333333333,0.0508487516860509,0.038531036062403
2015.66666666667,0.05044885250713,0.0348809759272138
2015.75,0.050404983234394,0.034918271647356
2015.83333333333,0.0508055860741889,0.0366625810507865
2015.91666666667,0.0500332204891322,0.0361185813269213
2016,0.0481867576446803,0.0369282284559009
2016.08333333333,0.0485501765002521,0.0378971255673222
2016.16666666667,0.0500128785832302,0.0362485001162214
2016.25,0.050690896751937,0.0385130167587234
2016.33333333333,0.0481912535268037,0.0365465034260379
2016.41666666667,0.0487145130750407,0.0363408757792498
2016.5,0.0479980401271405,0.0360691985878865
2016.58333333333,0.0487835449543124,0.0373647861019541
2016.66666666667,0.0497952590255081,0.0355447863055211
2016.75,0.0489395695623571,0.0367657654835375
2016.83333333333,0.04735245069151,0.0350519729665342
2016.91666666667,0.0471010408447,0.0373940054359398
2017,0.0467861170279414,0.0373637388798396
2017.08333333333,0.0461594279959214,0.0351372146704283
2017.16666666667,0.0441684307811436,0.0369870798129102
2017.25,0.0442109202033116,0.0362406061928966
2017.33333333333,0.0437314141489867,0.0380525776544968
2017.41666666667,0.0429047642828606,0.0363688573711546
2017.5,0.0429509790479989,0.0392927920629183
2017.58333333333,0.0441009801601634,0.0388452293475147
2017.66666666667,0.0425344421000372,0.0389474990691324
2017.75,0.0417942847875041,0.0394238626652278
2017.83333333333,0.0421848435972325,0.0399055916402518
2017.91666666667,0.0413118634565671,0.0390631326502009
2018,0.0403258883627279,0.0393750699131213
2018.08333333333,0.040679202363733,0.0409264547713533
2018.16666666667,0.0400282028128595,0.0405229890033769
2018.25,0.0399268101204789,0.042145996501227
2018.33333333333,0.0382828332756661,0.0424904848994118
2018.41666666667,0.0397447752912891,0.0432525738240552
2018.5,0.0381604154218589,0.0445358843422179
2018.58333333333,0.0380799208214772,0.0444760608684894
2018.66666666667,0.0374675328681511,0.0444699451529117
2018.75,0.0381975621456071,0.0455775451716461
2018.83333333333,0.0375531209314894,0.0448549460807193
2018.91666666667,0.0391468450914795,0.0465301520777422
2019,0.0397329455152397,0.0459552168283598
2019.08333333333,0.0376444027263971,0.0460248222381732
2019.16666666667,0.0380715022344448,0.0433752394048028
2019.25,0.0366636733790117,0.0450038748723752
2019.33333333333,0.0364360280428384,0.0446817531075078
2019.41666666667,0.0363735536379682,0.0445859482251422
2019.5,0.0370499419279907,0.0439757931413901
2019.58333333333,0.0363000232027062,0.0429982781149633
2019.66666666667,0.0350596007117958,0.0437437535041318
2019.75,0.03570820358116,0.0433291163876995
2019.83333333333,0.0356725999416399,0.0443111078688843
2019.91666666667,0.0355375563907492,0.0418217475515941
2020,0.0357045085382992,0.040753876758914
2020.08333333333,0.0349796615734463,0.0433156803492494
2020.16666666667,0.0443285207217072,0.042852133686846
2020.25,0.147719637292105,0.0377170136111449
2020.33333333333,0.132377404317493,0.0291332755643544
2020.41666666667,0.11032913734265,0.0350763153618261
2020.5,0.102115754502535,0.0382746733944496
2020.58333333333,0.0837616517118216,0.0406332059786193
2020.66666666667,0.078377264724612,0.0401376003596089
2020.75,0.0687689049272374,0.0404402402439706
2020.83333333333,0.0665757739885077,0.0423211250770409
2020.91666666667,0.0670005287878317,0.0424274471989797
2021,0.0639398330917995,0.0423079806106641
2021.08333333333,0.0623969934575238,0.0449732807271638
2021.16666666667,0.0608229426433915,0.0483291770573566
2021.25,0.060692725204081,0.0526600473753909
2021.33333333333,0.0576243781094527,0.05818407960199
2021.41666666667,0.0586983628727582,0.0614465529755517
2021.5,0.0540605805428968,0.0637631266098672
2021.58333333333,0.0512360162697258,0.0684034248144273
2021.66666666667,0.0473822718969628,0.0678411096318771
2021.75,0.0450004327559133,0.0672564511542218
2021.83333333333,0.0416006803014524,0.0698849526438708
2021.91666666667,0.0393730345790999,0.0684258786316055
2022,0.0397978328759923,0.0697745482102587
2022.08333333333,0.0384444078365335,0.0685666172459869
2022.16666666667,0.0366216051638047,0.0710084033613445
2022.25,0.0366214542414868,0.0740361089247253
2022.33333333333,0.0364013579781215,0.0722855647899149
2022.41666666667,0.0362764102751667,0.069998658912744
2022.5,0.0351651567434431,0.0686232670430298
2022.58333333333,0.0359481093687369,0.070511496835789
2022.66666666667,0.0351879078018493,0.0616517417771352
2022.75,0.0362227297021525,0.0656673631018901
2022.83333333333,0.0361386439647309,0.0637762237762238
2022.91666666667,0.03494016058173,0.0643478260869565
2023,0.0346279916126389,0.065532284109807
2023.08333333333,0.0358383726661778,0.062473701294798
2023.16666666667,0.0350372935055895,0.0590815536660446
2023.25,0.0344939271255061,0.0574119058329585
2023.33333333333,0.0364859844444711,0.0598732068597725
2023.41666666667,0.035690110640541,0.0557695418031952
2023.5,0.035427251455689,0.0550020047515604
2023.58333333333,0.0374584970105926,0.0512997812337937
2023.66666666667,0.0377070580030638,0.0553565361483486
2023.75,0.038636770230783,0.0553342477190053
2023.83333333333,0.0371951944807898,0.050850481741406
2023.91666666667,0.0377152276351388,0.0517382449727961
2024,0.0367457675736081,0.0513030435224305
2024.08333333333,0.0385848634124496,0.0505627705627706
2024.16666666667,0.0386905825323662,0.0502912066316504
2024.25,0.0386456175441103,0.0481760601947758
2024.33333333333,0.0395413560271515,0.045405514931555
2024.41666666667,0.0407666438498854,0.0470283622511235
2024.5,0.0421649882660488,0.0440364792205092
2024.58333333333,0.0419653879023834,0.0445351818440794
2024.66666666667,0.0409062079512516,0.0453400354469097
2024.75,0.0413945424751229,0.0421723228916807
2024.83333333333,0.042310343188516,0.0452455081281491
2024.91666666667,0.0408550730656731,0.0476484304081354
2025,0.0401126833153727,0.0439722625685236
2025.08333333333,0.0413949365751149,0.0455626060260978
2025.16666666667,0.0415203615665539,0.0438475652291153
2025.25,0.0418733748210477,0.0420720483828556
2025.33333333333,0.0424432584599144,0.043369890329013
2025.41666666667,0.0411726728489259,0.045263528583167
2025.5,0.042479247631236,0.0431895833088727
2025.58333333333,0.0432374193397276,0.042206841630655
